location_id,time,date,country,city,latitude,longitude,weather_code,temperature_2m_max,temperature_2m_min,apparent_temperature_max,apparent_temperature_min,sunrise,sunset,daylight_duration,sunshine_duration,precipitation_sum,rain_sum,snowfall_sum,precipitation_hours,wind_speed_10m_max,wind_gusts_10m_max,wind_direction_10m_dominant,shortwave_radiation_sum,et0_fao_evapotranspiration
1,2021-01-01,2021-01-01,Greece,Athens,37.9838,23.7275,0,14.5,8.7,13.1,6.8,2021-01-01T08:41,2021-01-01T18:16,34508.55,30959.46,0.0,0.0,0.0,0.0,7.9,17.3,297,9.71,1.38
1,2021-01-02,2021-01-02,Greece,Athens,37.9838,23.7275,0,15.2,7.2,14.9,3.9,2021-01-02T08:41,2021-01-02T18:17,34549.23,25201.63,2.3,2.3,0.0,5.0,12.7,28.4,63,6.26,1.14
1,2021-01-03,2021-01-03,Greece,Athens,37.9838,23.7275,55,16.5,12.5,16.1,11.5,2021-01-03T08:41,2021-01-03T18:18,34593.08,29443.13,6.9,6.9,0.0,11.0,17.3,41.4,164,7.7,1.25
1,2021-01-04,2021-01-04,Greece,Athens,37.9838,23.7275,3,16.2,10.5,15.4,8.5,2021-01-04T08:41,2021-01-04T18:18,34640.07,9241.89,17.8,17.8,0.0,16.0,34.6,68.0,159,3.9,0.81
1,2021-01-05,2021-01-05,Greece,Athens,37.9838,23.7275,1,14.7,7.8,12.9,5.2,2021-01-05T08:41,2021-01-05T18:19,34690.14,31161.42,0.0,0.0,0.0,0.0,13.6,26.6,262,9.92,1.44
1,2021-01-06,2021-01-06,Greece,Athens,37.9838,23.7275,3,15.4,9.2,13.4,6.8,2021-01-06T08:41,2021-01-06T18:20,34743.23,28281.53,0.0,0.0,0.0,0.0,12.8,23.4,164,9.19,1.46
1,2021-01-07,2021-01-07,Greece,Athens,37.9838,23.7275,2,15.5,10.6,15.1,9.0,2021-01-07T08:41,2021-01-07T18:21,34799.29,1312.67,0.0,0.0,0.0,0.0,8.8,17.6,136,3.43,0.65
1,2021-01-08,2021-01-08,Greece,Athens,37.9838,23.7275,3,17.7,11.5,17.0,10.6,2021-01-08T08:41,2021-01-08T18:22,34858.32,24234.52,0.0,0.0,0.0,0.0,16.6,31.3,144,8.56,1.26
1,2021-01-09,2021-01-09,Greece,Athens,37.9838,23.7275,3,19.7,14.4,20.5,14.1,2021-01-09T08:41,2021-01-09T18:23,34921.0,28453.25,0.9,0.9,0.0,3.0,16.5,36.4,169,9.25,1.41
1,2021-01-10,2021-01-10,Greece,Athens,37.9838,23.7275,1,19.2,14.0,19.8,13.8,2021-01-10T08:41,2021-01-10T18:24,34987.39,31491.16,0.2,0.2,0.0,2.0,16.5,50.8,132,9.71,1.53
1,2021-01-11,2021-01-11,Greece,Athens,37.9838,23.7275,3,20.1,13.6,19.9,12.9,2021-01-11T08:40,2021-01-11T18:25,35057.32,24865.93,0.0,0.0,0.0,0.0,15.5,47.9,144,7.9,1.44
1,2021-01-12,2021-01-12,Greece,Athens,37.9838,23.7275,3,17.8,10.0,17.5,8.0,2021-01-12T08:40,2021-01-12T18:26,35130.67,23819.65,4.4,4.4,0.0,5.0,22.4,43.9,192,5.97,1.3
1,2021-01-13,2021-01-13,Greece,Athens,37.9838,23.7275,1,14.0,6.6,10.9,4.3,2021-01-13T08:40,2021-01-13T18:27,35207.28,31734.49,0.0,0.0,0.0,0.0,18.7,35.3,304,9.65,1.51
1,2021-01-14,2021-01-14,Greece,Athens,37.9838,23.7275,51,10.8,5.5,6.8,2.1,2021-01-14T08:40,2021-01-14T18:28,35287.0,31822.47,0.5,0.5,0.0,3.0,22.5,42.1,323,10.89,1.66
1,2021-01-15,2021-01-15,Greece,Athens,37.9838,23.7275,1,11.6,5.8,8.2,0.3,2021-01-15T08:39,2021-01-15T18:29,35369.69,20357.05,0.4,0.4,0.0,3.0,28.5,52.6,6,5.19,1.3
1,2021-01-16,2021-01-16,Greece,Athens,37.9838,23.7275,3,7.4,3.4,4.3,-0.9,2021-01-16T08:39,2021-01-16T18:30,35455.2,2552.29,13.4,13.4,0.0,12.0,15.5,29.9,15,3.19,0.72
1,2021-01-17,2021-01-17,Greece,Athens,37.9838,23.7275,2,4.8,0.3,-0.5,-5.5,2021-01-17T08:38,2021-01-17T18:31,35543.39,31930.22,0.0,0.0,0.0,0.0,25.4,46.8,350,11.76,1.66
1,2021-01-18,2021-01-18,Greece,Athens,37.9838,23.7275,1,6.6,-0.9,1.9,-5.3,2021-01-18T08:38,2021-01-18T18:32,35634.12,30198.34,0.2,0.0,0.14,2.0,18.3,36.7,31,8.54,1.29
1,2021-01-19,2021-01-19,Greece,Athens,37.9838,23.7275,1,8.0,-0.4,3.8,-4.3,2021-01-19T08:38,2021-01-19T18:33,35727.24,31497.64,0.0,0.0,0.0,0.0,14.4,26.6,354,11.44,1.44
1,2021-01-20,2021-01-20,Greece,Athens,37.9838,23.7275,0,10.9,-0.7,8.6,-4.8,2021-01-20T08:37,2021-01-20T18:34,35822.64,32028.19,0.0,0.0,0.0,0.0,9.4,18.0,330,11.63,1.55
1,2021-01-21,2021-01-21,Greece,Athens,37.9838,23.7275,1,13.5,8.7,12.6,6.7,2021-01-21T08:37,2021-01-21T18:35,35920.15,32061.25,0.0,0.0,0.0,0.0,8.0,15.8,278,11.3,1.55
1,2021-01-22,2021-01-22,Greece,Athens,37.9838,23.7275,1,14.7,10.0,13.6,8.4,2021-01-22T08:36,2021-01-22T18:36,36019.65,32098.61,0.2,0.2,0.0,2.0,11.3,31.7,184,9.82,1.39
1,2021-01-23,2021-01-23,Greece,Athens,37.9838,23.7275,51,14.3,9.3,11.2,7.0,2021-01-23T08:35,2021-01-23T18:38,36121.01,12334.11,0.6,0.6,0.0,4.0,25.9,48.6,192,5.56,1.61
1,2021-01-24,2021-01-24,Greece,Athens,37.9838,23.7275,53,15.3,8.2,12.7,6.4,2021-01-24T08:35,2021-01-24T18:39,36224.09,32178.62,10.5,10.5,0.0,7.0,28.5,53.6,202,10.97,1.82
1,2021-01-25,2021-01-25,Greece,Athens,37.9838,23.7275,3,15.9,11.3,13.5,8.9,2021-01-25T08:34,2021-01-25T18:40,36328.77,32256.51,1.7,1.7,0.0,7.0,23.3,48.6,221,11.34,2.11
1,2021-01-26,2021-01-26,Greece,Athens,37.9838,23.7275,3,15.3,10.1,11.9,8.1,2021-01-26T08:34,2021-01-26T18:41,36434.92,4219.02,7.6,7.6,0.0,7.0,35.0,63.7,191,5.36,1.38
1,2021-01-27,2021-01-27,Greece,Athens,37.9838,23.7275,61,11.3,2.4,8.9,-1.7,2021-01-27T08:33,2021-01-27T18:42,36542.41,32285.63,5.8,5.8,0.0,7.0,23.4,51.1,318,11.52,1.75
1,2021-01-28,2021-01-28,Greece,Athens,37.9838,23.7275,0,8.3,-0.1,3.7,-4.5,2021-01-28T08:32,2021-01-28T18:43,36651.24,32786.13,0.0,0.0,0.0,0.0,17.0,32.4,346,12.83,1.87
1,2021-01-29,2021-01-29,Greece,Athens,37.9838,23.7275,0,12.9,1.3,11.0,-2.6,2021-01-29T08:31,2021-01-29T18:44,36762.51,30955.4,0.0,0.0,0.0,0.0,10.3,22.0,254,10.87,1.61
1,2021-01-30,2021-01-30,Greece,Athens,37.9838,23.7275,3,16.3,8.4,13.7,6.4,2021-01-30T08:31,2021-01-30T18:45,36876.4,32851.96,1.3,1.3,0.0,1.0,23.1,50.0,293,11.06,1.68
1,2021-01-31,2021-01-31,Greece,Athens,37.9838,23.7275,0,15.9,10.5,14.4,8.4,2021-01-31T08:30,2021-01-31T18:46,36992.72,32400.0,0.5,0.5,0.0,2.0,25.3,47.2,148,11.98,1.81
1,2021-02-01,2021-02-01,Greece,Athens,37.9838,23.7275,2,16.0,11.3,15.1,9.8,2021-02-01T08:29,2021-02-01T18:48,37111.32,1778.81,14.6,14.6,0.0,9.0,24.2,47.2,188,3.24,0.83
1,2021-02-02,2021-02-02,Greece,Athens,37.9838,23.7275,0,16.4,10.2,15.3,8.7,2021-02-02T08:28,2021-02-02T18:49,37232.03,32627.11,0.0,0.0,0.0,0.0,7.6,18.4,94,11.9,1.75
1,2021-02-03,2021-02-03,Greece,Athens,37.9838,23.7275,3,16.9,8.9,16.4,6.8,2021-02-03T08:27,2021-02-03T18:50,37354.7,32987.38,0.1,0.1,0.0,1.0,11.1,23.0,45,11.82,1.72
1,2021-02-04,2021-02-04,Greece,Athens,37.9838,23.7275,0,18.2,11.8,16.5,10.6,2021-02-04T08:26,2021-02-04T18:51,37479.17,33435.26,0.0,0.0,0.0,0.0,13.0,24.5,250,13.34,1.94
1,2021-02-05,2021-02-05,Greece,Athens,37.9838,23.7275,0,17.4,9.4,17.1,6.9,2021-02-05T08:25,2021-02-05T18:52,37605.29,33567.84,0.0,0.0,0.0,0.0,8.5,14.4,46,12.37,1.95
1,2021-02-06,2021-02-06,Greece,Athens,37.9838,23.7275,0,17.1,11.7,16.7,10.1,2021-02-06T08:24,2021-02-06T18:53,37732.91,33821.98,0.0,0.0,0.0,0.0,8.0,18.7,65,13.62,1.98
1,2021-02-07,2021-02-07,Greece,Athens,37.9838,23.7275,0,17.3,13.7,15.5,11.3,2021-02-07T08:23,2021-02-07T18:54,37861.89,31406.73,0.0,0.0,0.0,0.0,11.6,23.0,142,11.84,1.84
1,2021-02-08,2021-02-08,Greece,Athens,37.9838,23.7275,3,17.5,13.0,15.8,10.9,2021-02-08T08:22,2021-02-08T18:55,37992.07,24924.09,0.3,0.3,0.0,3.0,29.9,56.5,184,7.74,1.81
1,2021-02-09,2021-02-09,Greece,Athens,37.9838,23.7275,0,17.6,11.2,15.2,10.1,2021-02-09T08:21,2021-02-09T18:57,38123.32,33635.7,0.0,0.0,0.0,0.0,22.3,41.8,206,12.62,2.1
1,2021-02-10,2021-02-10,Greece,Athens,37.9838,23.7275,3,17.3,8.4,15.4,6.5,2021-02-10T08:20,2021-02-10T18:58,38255.5,34322.24,0.0,0.0,0.0,0.0,11.4,22.7,257,14.25,2.13
1,2021-02-11,2021-02-11,Greece,Athens,37.9838,23.7275,2,17.8,10.2,14.2,8.4,2021-02-11T08:19,2021-02-11T18:59,38388.47,27384.8,2.5,2.5,0.0,2.0,27.6,53.6,209,10.34,1.7
1,2021-02-12,2021-02-12,Greece,Athens,37.9838,23.7275,0,16.7,6.4,13.9,3.8,2021-02-12T08:18,2021-02-12T19:00,38522.1,34106.62,0.0,0.0,0.0,0.0,15.3,29.9,333,13.77,2.24
1,2021-02-13,2021-02-13,Greece,Athens,37.9838,23.7275,3,11.2,9.0,9.2,6.4,2021-02-13T08:17,2021-02-13T19:01,38656.26,0.0,4.2,4.2,0.0,13.0,13.0,24.8,27,2.82,0.87
1,2021-02-14,2021-02-14,Greece,Athens,37.9838,23.7275,53,9.3,4.0,6.5,-0.6,2021-02-14T08:15,2021-02-14T19:02,38790.81,967.92,8.0,8.0,0.0,23.0,20.9,41.4,6,3.24,0.82
1,2021-02-15,2021-02-15,Greece,Athens,37.9838,23.7275,3,5.0,1.9,-1.4,-4.4,2021-02-15T08:14,2021-02-15T19:03,38925.64,28948.66,2.3,1.2,0.77,18.0,35.8,66.6,12,10.57,1.49
1,2021-02-16,2021-02-16,Greece,Athens,37.9838,23.7275,1,4.2,0.6,-0.4,-3.7,2021-02-16T08:13,2021-02-16T19:04,39060.61,25440.55,5.5,0.4,3.57,18.0,22.1,52.2,344,9.18,1.25
1,2021-02-17,2021-02-17,Greece,Athens,37.9838,23.7275,1,8.0,-0.3,4.9,-3.9,2021-02-17T08:12,2021-02-17T19:05,39195.73,33405.85,0.0,0.0,0.0,0.0,9.5,21.6,341,13.04,1.59
1,2021-02-18,2021-02-18,Greece,Athens,37.9838,23.7275,0,13.0,3.0,9.9,-0.6,2021-02-18T08:11,2021-02-18T19:06,39332.15,35099.99,0.0,0.0,0.0,0.0,11.0,23.0,352,14.61,2.18
1,2021-02-19,2021-02-19,Greece,Athens,37.9838,23.7275,0,14.6,3.5,12.3,-0.1,2021-02-19T08:09,2021-02-19T19:07,39470.09,35586.71,0.0,0.0,0.0,0.0,12.2,28.1,31,15.92,2.39
1,2021-02-20,2021-02-20,Greece,Athens,37.9838,23.7275,2,14.6,4.5,13.3,1.2,2021-02-20T08:08,2021-02-20T19:09,39609.42,35772.65,0.0,0.0,0.0,0.0,11.5,23.8,46,12.52,1.86
1,2021-02-21,2021-02-21,Greece,Athens,37.9838,23.7275,0,12.8,5.1,9.0,2.0,2021-02-21T08:07,2021-02-21T19:10,39750.0,35283.59,0.3,0.3,0.0,3.0,18.9,36.4,20,14.08,1.89
1,2021-02-22,2021-02-22,Greece,Athens,37.9838,23.7275,0,15.6,1.7,14.0,-1.4,2021-02-22T08:06,2021-02-22T19:11,39891.72,36159.8,0.0,0.0,0.0,0.0,10.7,16.6,357,16.42,2.33
1,2021-02-23,2021-02-23,Greece,Athens,37.9838,23.7275,3,18.4,3.9,17.1,0.3,2021-02-23T08:04,2021-02-23T19:12,40034.45,36601.29,0.0,0.0,0.0,0.0,11.0,18.4,11,16.46,2.66
1,2021-02-24,2021-02-24,Greece,Athens,37.9838,23.7275,0,19.9,5.6,17.9,2.3,2021-02-24T08:03,2021-02-24T19:13,40178.06,36936.82,0.0,0.0,0.0,0.0,11.7,23.4,10,16.66,2.96
1,2021-02-25,2021-02-25,Greece,Athens,37.9838,23.7275,0,15.8,8.1,12.6,5.5,2021-02-25T08:02,2021-02-25T19:14,40322.44,36265.96,0.0,0.0,0.0,0.0,20.8,41.8,359,15.89,2.52
1,2021-02-26,2021-02-26,Greece,Athens,37.9838,23.7275,0,17.4,7.8,16.0,5.6,2021-02-26T08:00,2021-02-26T19:15,40467.47,37117.39,0.0,0.0,0.0,0.0,10.6,22.7,342,16.57,2.55
1,2021-02-27,2021-02-27,Greece,Athens,37.9838,23.7275,0,17.0,5.6,15.7,2.5,2021-02-27T07:59,2021-02-27T19:16,40613.03,37509.37,0.0,0.0,0.0,0.0,12.0,24.8,27,17.36,2.52
1,2021-02-28,2021-02-28,Greece,Athens,37.9838,23.7275,0,14.8,7.8,12.3,4.7,2021-02-28T07:57,2021-02-28T19:17,40759.02,37660.59,0.0,0.0,0.0,0.0,24.8,48.2,22,14.94,2.38
1,2021-03-01,2021-03-01,Greece,Athens,37.9838,23.7275,0,15.1,5.0,12.5,1.8,2021-03-01T07:56,2021-03-01T19:18,40905.3,36531.5,0.0,0.0,0.0,0.0,10.5,22.3,359,15.07,2.23
1,2021-03-02,2021-03-02,Greece,Athens,37.9838,23.7275,0,10.9,5.1,6.6,2.0,2021-03-02T07:55,2021-03-02T19:19,41051.79,37963.18,0.0,0.0,0.0,0.0,20.8,40.3,9,14.42,2.07
1,2021-03-03,2021-03-03,Greece,Athens,37.9838,23.7275,0,15.6,4.1,12.4,1.1,2021-03-03T07:53,2021-03-03T19:20,41198.36,38114.33,0.0,0.0,0.0,0.0,18.1,35.6,344,17.76,2.8
1,2021-03-04,2021-03-04,Greece,Athens,37.9838,23.7275,0,16.2,4.0,13.7,0.4,2021-03-04T07:52,2021-03-04T19:21,41344.91,38265.23,0.0,0.0,0.0,0.0,11.1,24.1,12,18.32,2.74
1,2021-03-05,2021-03-05,Greece,Athens,37.9838,23.7275,0,17.4,10.4,15.4,8.4,2021-03-05T07:50,2021-03-05T19:22,41491.32,37218.63,0.0,0.0,0.0,0.0,13.0,24.8,223,18.46,2.85
1,2021-03-06,2021-03-06,Greece,Athens,37.9838,23.7275,3,18.4,9.4,16.6,7.3,2021-03-06T07:49,2021-03-06T19:23,41637.5,32277.73,0.6,0.6,0.0,3.0,13.6,28.8,250,16.08,2.7
1,2021-03-07,2021-03-07,Greece,Athens,37.9838,23.7275,1,13.5,7.0,10.7,4.2,2021-03-07T07:47,2021-03-07T19:24,41783.33,12169.68,0.4,0.4,0.0,3.0,19.5,37.1,33,7.77,1.66
1,2021-03-08,2021-03-08,Greece,Athens,37.9838,23.7275,1,14.1,6.2,12.0,3.4,2021-03-08T07:46,2021-03-08T19:25,41928.7,30318.24,0.2,0.2,0.0,2.0,11.8,23.4,139,13.19,1.92
1,2021-03-09,2021-03-09,Greece,Athens,37.9838,23.7275,51,16.6,9.0,15.6,6.8,2021-03-09T07:44,2021-03-09T19:26,42073.64,33613.23,0.1,0.1,0.0,1.0,13.1,24.5,63,13.33,2.27
1,2021-03-10,2021-03-10,Greece,Athens,37.9838,23.7275,2,16.6,7.8,15.7,5.0,2021-03-10T07:43,2021-03-10T19:27,42219.19,36090.08,0.0,0.0,0.0,0.0,10.9,26.6,40,17.53,2.87
1,2021-03-11,2021-03-11,Greece,Athens,37.9838,23.7275,1,11.8,6.9,9.7,3.6,2021-03-11T07:42,2021-03-11T19:28,42365.58,36723.57,1.4,1.4,0.0,8.0,25.2,50.8,343,13.85,1.95
1,2021-03-12,2021-03-12,Greece,Athens,37.9838,23.7275,0,12.3,3.7,11.0,0.5,2021-03-12T07:40,2021-03-12T19:29,42512.71,39221.0,0.0,0.0,0.0,0.0,15.2,29.5,183,19.15,2.45
1,2021-03-13,2021-03-13,Greece,Athens,37.9838,23.7275,0,16.8,7.0,14.9,4.4,2021-03-13T07:39,2021-03-13T19:30,42660.48,33394.92,0.0,0.0,0.0,0.0,15.1,28.8,193,17.14,2.56
1,2021-03-14,2021-03-14,Greece,Athens,37.9838,23.7275,3,16.3,10.7,15.7,9.8,2021-03-14T07:37,2021-03-14T19:31,42808.79,37340.27,0.0,0.0,0.0,0.0,13.5,28.1,190,18.04,2.61
1,2021-03-15,2021-03-15,Greece,Athens,37.9838,23.7275,0,16.0,8.6,12.6,4.7,2021-03-15T07:36,2021-03-15T19:32,42957.53,39275.3,1.1,1.1,0.0,4.0,24.5,49.3,260,15.97,2.65
1,2021-03-16,2021-03-16,Greece,Athens,37.9838,23.7275,2,14.4,7.2,9.7,3.5,2021-03-16T07:34,2021-03-16T19:33,43106.62,39589.07,0.0,0.0,0.0,0.0,29.2,56.2,276,19.67,3.61
1,2021-03-17,2021-03-17,Greece,Athens,37.9838,23.7275,0,14.3,5.5,10.6,2.4,2021-03-17T07:32,2021-03-17T19:34,43255.96,39600.0,0.0,0.0,0.0,0.0,20.2,41.0,284,19.48,3.27
1,2021-03-18,2021-03-18,Greece,Athens,37.9838,23.7275,0,14.7,4.4,11.2,1.2,2021-03-18T07:31,2021-03-18T19:34,43405.46,39437.54,0.0,0.0,0.0,0.0,16.4,34.2,283,19.54,3.07
1,2021-03-19,2021-03-19,Greece,Athens,37.9838,23.7275,2,15.9,9.2,13.6,7.0,2021-03-19T07:29,2021-03-19T19:35,43555.01,37689.02,0.1,0.1,0.0,1.0,12.2,27.7,234,16.64,2.61
1,2021-03-20,2021-03-20,Greece,Athens,37.9838,23.7275,3,15.7,10.4,15.0,8.0,2021-03-20T07:28,2021-03-20T19:36,43704.52,16145.9,5.2,5.2,0.0,9.0,11.8,22.0,63,7.69,1.36
1,2021-03-21,2021-03-21,Greece,Athens,37.9838,23.7275,1,17.4,10.6,16.4,9.0,2021-03-21T07:26,2021-03-21T19:37,43853.89,30022.3,0.8,0.8,0.0,5.0,12.8,27.0,53,13.05,2.17
1,2021-03-22,2021-03-22,Greece,Athens,37.9838,23.7275,1,17.6,10.7,15.1,8.8,2021-03-22T07:25,2021-03-22T19:38,44003.04,38891.12,0.5,0.5,0.0,4.0,18.4,58.0,250,18.17,2.86
1,2021-03-23,2021-03-23,Greece,Athens,37.9838,23.7275,3,10.4,6.4,8.6,3.9,2021-03-23T07:23,2021-03-23T19:39,44151.86,31636.11,2.0,2.0,0.0,12.0,20.0,40.3,10,12.82,1.78
1,2021-03-24,2021-03-24,Greece,Athens,37.9838,23.7275,2,11.8,4.5,7.8,1.1,2021-03-24T07:22,2021-03-24T19:40,44300.25,39604.23,0.7,0.7,0.0,6.0,23.2,45.4,341,20.32,2.93
1,2021-03-25,2021-03-25,Greece,Athens,37.9838,23.7275,0,9.0,2.3,5.2,-1.3,2021-03-25T07:20,2021-03-25T19:41,44448.12,39600.0,0.1,0.1,0.0,1.0,19.1,42.8,360,20.73,2.61
1,2021-03-26,2021-03-26,Greece,Athens,37.9838,23.7275,1,12.8,1.0,9.6,-3.1,2021-03-26T07:19,2021-03-26T19:42,44595.36,39600.0,0.0,0.0,0.0,0.0,16.9,38.5,251,22.24,3.2
1,2021-03-27,2021-03-27,Greece,Athens,37.9838,23.7275,0,14.5,5.0,12.5,1.9,2021-03-27T07:17,2021-03-27T19:43,44741.89,39600.0,0.0,0.0,0.0,0.0,15.4,31.0,188,21.18,3.08
1,2021-03-28,2021-03-28,Greece,Athens,37.9838,23.7275,0,17.1,10.0,15.4,8.3,2021-03-28T07:16,2021-03-28T19:44,44887.59,39600.0,0.0,0.0,0.0,0.0,13.4,28.4,186,21.22,3.16
1,2021-03-29,2021-03-29,Greece,Athens,37.9838,23.7275,0,19.4,6.7,18.3,3.7,2021-03-29T07:14,2021-03-29T19:45,45032.48,39711.77,0.3,0.3,0.0,3.0,13.5,27.7,31,20.17,3.4
1,2021-03-30,2021-03-30,Greece,Athens,37.9838,23.7275,3,17.0,9.2,13.0,6.5,2021-03-30T07:13,2021-03-30T19:46,45177.55,39743.8,0.0,0.0,0.0,0.0,18.5,38.2,16,20.88,3.71
1,2021-03-31,2021-03-31,Greece,Athens,37.9838,23.7275,0,11.9,7.0,6.9,3.6,2021-03-31T07:11,2021-03-31T19:47,45322.99,26889.76,2.2,2.2,0.0,9.0,25.1,49.3,1,13.45,2.23
1,2021-04-01,2021-04-01,Greece,Athens,37.9838,23.7275,0,11.8,5.3,8.3,2.3,2021-04-01T07:10,2021-04-01T19:48,45468.73,22533.93,2.2,2.2,0.0,5.0,14.0,29.5,348,10.08,1.8
1,2021-04-02,2021-04-02,Greece,Athens,37.9838,23.7275,0,16.6,3.8,15.7,0.4,2021-04-02T07:08,2021-04-02T19:48,45614.67,40041.55,0.0,0.0,0.0,0.0,14.4,29.9,163,22.62,3.36
1,2021-04-03,2021-04-03,Greece,Athens,37.9838,23.7275,1,19.5,10.8,18.4,9.8,2021-04-03T07:07,2021-04-03T19:49,45760.72,40488.59,0.0,0.0,0.0,0.0,16.9,35.3,204,22.85,3.53
1,2021-04-04,2021-04-04,Greece,Athens,37.9838,23.7275,3,20.1,12.1,19.2,11.1,2021-04-04T07:05,2021-04-04T19:50,45906.78,40036.77,0.0,0.0,0.0,0.0,21.6,44.3,152,21.95,3.59
1,2021-04-05,2021-04-05,Greece,Athens,37.9838,23.7275,3,19.0,11.8,19.1,10.5,2021-04-05T07:04,2021-04-05T19:51,46052.77,17865.11,2.0,2.0,0.0,7.0,17.7,42.8,49,13.36,2.4
1,2021-04-06,2021-04-06,Greece,Athens,37.9838,23.7275,3,20.5,9.9,21.8,8.5,2021-04-06T07:02,2021-04-06T19:52,46198.59,40601.26,0.4,0.4,0.0,2.0,17.1,34.6,314,21.01,3.83
1,2021-04-07,2021-04-07,Greece,Athens,37.9838,23.7275,0,21.1,9.9,18.9,7.7,2021-04-07T07:00,2021-04-07T19:53,46344.14,40786.73,0.0,0.0,0.0,0.0,20.7,41.4,237,23.44,4.22
1,2021-04-08,2021-04-08,Greece,Athens,37.9838,23.7275,1,15.5,7.1,12.5,3.1,2021-04-08T06:59,2021-04-08T19:54,46489.33,31732.95,0.6,0.6,0.0,6.0,27.5,57.2,340,15.69,2.52
1,2021-04-09,2021-04-09,Greece,Athens,37.9838,23.7275,0,13.9,3.5,9.3,0.5,2021-04-09T06:58,2021-04-09T19:55,46634.07,42126.93,0.0,0.0,0.0,0.0,20.1,40.3,348,22.39,3.61
1,2021-04-10,2021-04-10,Greece,Athens,37.9838,23.7275,0,15.3,3.2,13.1,-0.8,2021-04-10T06:56,2021-04-10T19:56,46778.24,42298.84,0.0,0.0,0.0,0.0,16.3,33.5,23,24.38,3.89
1,2021-04-11,2021-04-11,Greece,Athens,37.9838,23.7275,0,16.8,5.4,14.7,2.1,2021-04-11T06:55,2021-04-11T19:57,46921.75,42460.43,0.0,0.0,0.0,0.0,19.2,39.2,129,24.27,3.78
1,2021-04-12,2021-04-12,Greece,Athens,37.9838,23.7275,0,18.2,6.8,16.0,3.1,2021-04-12T06:53,2021-04-12T19:58,47064.51,42752.2,0.0,0.0,0.0,0.0,14.8,32.4,154,24.19,4.12
1,2021-04-13,2021-04-13,Greece,Athens,37.9838,23.7275,1,19.9,12.8,17.9,11.5,2021-04-13T06:52,2021-04-13T19:59,47206.4,40705.74,0.1,0.1,0.0,1.0,19.2,38.2,196,18.34,3.12
1,2021-04-14,2021-04-14,Greece,Athens,37.9838,23.7275,0,19.9,13.1,17.9,11.4,2021-04-14T06:50,2021-04-14T20:00,47347.31,32728.0,0.0,0.0,0.0,0.0,14.4,30.2,207,20.59,3.65
1,2021-04-15,2021-04-15,Greece,Athens,37.9838,23.7275,0,19.9,8.5,18.1,4.6,2021-04-15T06:49,2021-04-15T20:00,47487.15,42941.77,0.0,0.0,0.0,0.0,16.8,35.6,176,24.06,4.36
1,2021-04-16,2021-04-16,Greece,Athens,37.9838,23.7275,3,18.3,10.8,17.1,9.0,2021-04-16T06:47,2021-04-16T20:01,47625.8,32778.25,0.4,0.4,0.0,1.0,16.7,31.7,56,13.91,2.69
1,2021-04-17,2021-04-17,Greece,Athens,37.9838,23.7275,3,22.2,11.9,22.8,9.5,2021-04-17T06:46,2021-04-17T20:02,47763.15,41297.35,0.0,0.0,0.0,0.0,15.3,28.4,34,22.35,4.18
1,2021-04-18,2021-04-18,Greece,Athens,37.9838,23.7275,3,20.1,13.0,19.5,12.0,2021-04-18T06:45,2021-04-18T20:03,47899.18,10120.67,0.0,0.0,0.0,0.0,11.2,25.2,178,11.82,2.27
1,2021-04-19,2021-04-19,Greece,Athens,37.9838,23.7275,1,20.5,12.3,18.4,10.2,2021-04-19T06:43,2021-04-19T20:04,48034.86,39081.72,0.1,0.1,0.0,1.0,23.8,51.8,258,23.5,4.42
1,2021-04-20,2021-04-20,Greece,Athens,37.9838,23.7275,0,20.4,10.4,15.8,7.7,2021-04-20T06:42,2021-04-20T20:05,48170.37,44744.34,0.0,0.0,0.0,0.0,22.7,45.7,270,23.74,4.78
1,2021-04-21,2021-04-21,Greece,Athens,37.9838,23.7275,0,20.9,9.7,16.7,7.6,2021-04-21T06:41,2021-04-21T20:06,48305.61,44690.05,0.0,0.0,0.0,0.0,23.1,45.4,271,24.11,4.78
1,2021-04-22,2021-04-22,Greece,Athens,37.9838,23.7275,3,20.6,10.8,18.8,8.6,2021-04-22T06:39,2021-04-22T20:07,48440.48,43902.28,0.2,0.2,0.0,1.0,17.3,36.0,196,25.82,4.68
1,2021-04-23,2021-04-23,Greece,Athens,37.9838,23.7275,2,22.2,14.3,20.1,12.3,2021-04-23T06:38,2021-04-23T20:08,48574.9,41035.82,0.1,0.1,0.0,1.0,16.0,33.8,167,23.9,4.54
1,2021-04-24,2021-04-24,Greece,Athens,37.9838,23.7275,3,17.6,13.4,16.5,12.5,2021-04-24T06:37,2021-04-24T20:09,48708.75,8508.49,14.9,14.9,0.0,20.0,15.0,31.7,46,7.71,1.77
1,2021-04-25,2021-04-25,Greece,Athens,37.9838,23.7275,1,17.6,10.7,15.3,9.3,2021-04-25T06:36,2021-04-25T20:10,48841.93,44440.79,0.2,0.2,0.0,1.0,19.8,40.0,351,23.38,3.71
1,2021-04-26,2021-04-26,Greece,Athens,37.9838,23.7275,0,20.3,8.2,20.9,5.9,2021-04-26T06:34,2021-04-26T20:11,48974.33,45809.95,0.0,0.0,0.0,0.0,16.9,32.8,351,26.18,4.29
1,2021-04-27,2021-04-27,Greece,Athens,37.9838,23.7275,1,19.0,12.1,19.5,10.5,2021-04-27T06:33,2021-04-27T20:12,49105.85,41728.99,0.0,0.0,0.0,0.0,14.7,30.2,142,24.15,3.98
1,2021-04-28,2021-04-28,Greece,Athens,37.9838,23.7275,1,22.6,14.2,21.3,13.5,2021-04-28T06:32,2021-04-28T20:13,49236.38,42849.48,0.0,0.0,0.0,0.0,15.9,61.9,126,18.2,3.7
1,2021-04-29,2021-04-29,Greece,Athens,37.9838,23.7275,2,24.7,13.5,26.3,12.2,2021-04-29T06:31,2021-04-29T20:13,49365.8,28800.0,0.0,0.0,0.0,0.0,11.8,29.5,151,21.21,4.03
1,2021-04-30,2021-04-30,Greece,Athens,37.9838,23.7275,0,25.4,18.3,27.1,18.0,2021-04-30T06:29,2021-04-30T20:14,49494.0,44914.39,0.0,0.0,0.0,0.0,14.1,30.6,162,25.78,4.88
1,2021-05-01,2021-05-01,Greece,Athens,37.9838,23.7275,3,27.9,19.3,29.2,17.9,2021-05-01T06:28,2021-05-01T20:15,49620.86,30008.59,0.0,0.0,0.0,0.0,11.6,25.9,144,17.49,3.8
1,2021-05-02,2021-05-02,Greece,Athens,37.9838,23.7275,0,28.1,19.8,27.4,19.0,2021-05-02T06:27,2021-05-02T20:16,49746.26,28510.32,0.0,0.0,0.0,0.0,6.9,19.1,130,16.24,3.56
1,2021-05-03,2021-05-03,Greece,Athens,37.9838,23.7275,3,32.5,21.2,29.4,22.1,2021-05-03T06:26,2021-05-03T20:17,49870.09,42111.37,0.0,0.0,0.0,0.0,17.8,35.6,236,20.2,5.14
1,2021-05-04,2021-05-04,Greece,Athens,37.9838,23.7275,3,28.0,19.7,28.6,18.5,2021-05-04T06:25,2021-05-04T20:18,49992.21,45254.11,0.0,0.0,0.0,0.0,15.3,31.3,31,25.41,5.71
1,2021-05-05,2021-05-05,Greece,Athens,37.9838,23.7275,0,24.6,17.8,24.3,16.6,2021-05-05T06:24,2021-05-05T20:19,50112.5,43254.62,0.1,0.1,0.0,1.0,18.0,38.2,180,25.53,4.97
1,2021-05-06,2021-05-06,Greece,Athens,37.9838,23.7275,3,28.3,17.2,27.4,16.7,2021-05-06T06:23,2021-05-06T20:20,50230.84,46417.92,0.0,0.0,0.0,0.0,18.8,38.9,241,26.9,5.84
1,2021-05-07,2021-05-07,Greece,Athens,37.9838,23.7275,3,25.0,16.7,24.6,15.7,2021-05-07T06:22,2021-05-07T20:21,50347.08,45603.56,0.0,0.0,0.0,0.0,13.8,31.7,161,25.28,5.05
1,2021-05-08,2021-05-08,Greece,Athens,37.9838,23.7275,3,29.8,19.4,29.9,18.6,2021-05-08T06:21,2021-05-08T20:22,50461.19,43416.89,0.0,0.0,0.0,0.0,14.0,30.2,164,25.16,5.59
1,2021-05-09,2021-05-09,Greece,Athens,37.9838,23.7275,0,23.3,15.9,20.8,14.0,2021-05-09T06:20,2021-05-09T20:23,50574.05,46568.29,0.0,0.0,0.0,0.0,19.3,40.7,18,27.85,6.06
1,2021-05-10,2021-05-10,Greece,Athens,37.9838,23.7275,0,23.6,12.1,21.7,9.8,2021-05-10T06:19,2021-05-10T20:24,50685.8,46618.42,0.0,0.0,0.0,0.0,16.6,35.3,351,28.41,5.89
1,2021-05-11,2021-05-11,Greece,Athens,37.9838,23.7275,0,26.2,12.5,24.0,10.6,2021-05-11T06:18,2021-05-11T20:24,50796.38,46668.53,0.0,0.0,0.0,0.0,14.9,32.0,336,28.47,6.1
1,2021-05-12,2021-05-12,Greece,Athens,37.9838,23.7275,0,23.8,12.2,22.0,8.6,2021-05-12T06:17,2021-05-12T20:25,50905.64,46186.66,0.0,0.0,0.0,0.0,16.3,35.3,172,27.19,5.61
1,2021-05-13,2021-05-13,Greece,Athens,37.9838,23.7275,0,26.4,16.2,25.5,16.1,2021-05-13T06:16,2021-05-13T20:26,51013.51,46768.44,0.0,0.0,0.0,0.0,22.6,45.7,213,27.89,5.46
1,2021-05-14,2021-05-14,Greece,Athens,37.9838,23.7275,0,27.3,15.0,23.7,14.0,2021-05-14T06:15,2021-05-14T20:27,51119.87,46800.0,0.0,0.0,0.0,0.0,25.2,49.7,256,28.37,6.43
1,2021-05-15,2021-05-15,Greece,Athens,37.9838,23.7275,2,22.8,18.0,21.3,17.6,2021-05-15T06:14,2021-05-15T20:28,51224.6,42064.98,0.2,0.2,0.0,2.0,13.3,39.2,222,18.58,3.75
1,2021-05-16,2021-05-16,Greece,Athens,37.9838,23.7275,0,25.8,13.6,22.9,12.7,2021-05-16T06:13,2021-05-16T20:29,51327.61,46800.0,0.0,0.0,0.0,0.0,23.7,45.7,263,27.22,5.63
1,2021-05-17,2021-05-17,Greece,Athens,37.9838,23.7275,0,25.9,16.9,24.5,16.7,2021-05-17T06:12,2021-05-17T20:30,51428.77,46450.46,0.0,0.0,0.0,0.0,21.0,41.0,209,27.88,5.64
1,2021-05-18,2021-05-18,Greece,Athens,37.9838,23.7275,1,29.4,17.4,28.1,16.5,2021-05-18T06:12,2021-05-18T20:31,51527.99,46869.71,0.0,0.0,0.0,0.0,25.7,51.1,268,28.57,7.15
1,2021-05-19,2021-05-19,Greece,Athens,37.9838,23.7275,0,27.0,18.0,26.6,16.4,2021-05-19T06:11,2021-05-19T20:31,51625.12,46865.19,0.0,0.0,0.0,0.0,17.7,37.4,179,28.48,5.86
1,2021-05-20,2021-05-20,Greece,Athens,37.9838,23.7275,0,26.4,16.3,24.9,15.9,2021-05-20T06:10,2021-05-20T20:32,51720.07,46800.0,0.0,0.0,0.0,0.0,24.9,49.3,255,25.06,6.33
1,2021-05-21,2021-05-21,Greece,Athens,37.9838,23.7275,0,23.5,15.9,21.8,13.6,2021-05-21T06:09,2021-05-21T20:33,51812.71,46957.64,0.0,0.0,0.0,0.0,19.9,40.7,319,28.35,6.14
1,2021-05-22,2021-05-22,Greece,Athens,37.9838,23.7275,0,24.0,15.4,23.1,14.5,2021-05-22T06:09,2021-05-22T20:34,51902.93,46954.89,0.0,0.0,0.0,0.0,18.2,37.4,190,28.86,5.55
1,2021-05-23,2021-05-23,Greece,Athens,37.9838,23.7275,0,26.6,15.3,26.1,13.7,2021-05-23T06:08,2021-05-23T20:35,51990.6,47057.76,0.0,0.0,0.0,0.0,16.3,34.6,198,28.92,5.83
1,2021-05-24,2021-05-24,Greece,Athens,37.9838,23.7275,0,30.5,18.8,30.3,17.1,2021-05-24T06:08,2021-05-24T20:36,52075.59,47056.63,0.0,0.0,0.0,0.0,15.3,32.8,209,28.46,6.28
1,2021-05-25,2021-05-25,Greece,Athens,37.9838,23.7275,0,32.7,19.6,34.0,18.2,2021-05-25T06:07,2021-05-25T20:36,52157.78,47055.37,0.0,0.0,0.0,0.0,14.0,30.6,55,28.44,6.57
1,2021-05-26,2021-05-26,Greece,Athens,37.9838,23.7275,0,30.5,20.8,30.8,20.1,2021-05-26T06:06,2021-05-26T20:37,52237.05,47164.74,0.0,0.0,0.0,0.0,18.4,38.2,209,28.31,6.25
1,2021-05-27,2021-05-27,Greece,Athens,37.9838,23.7275,2,30.4,18.0,31.0,17.5,2021-05-27T06:06,2021-05-27T20:38,52313.27,47276.99,0.0,0.0,0.0,0.0,24.2,45.7,228,29.13,6.11
1,2021-05-28,2021-05-28,Greece,Athens,37.9838,23.7275,0,28.9,17.6,27.7,16.1,2021-05-28T06:05,2021-05-28T20:39,52386.38,47164.69,0.0,0.0,0.0,0.0,23.9,45.0,164,27.84,6.3
1,2021-05-29,2021-05-29,Greece,Athens,37.9838,23.7275,0,25.4,17.4,25.6,17.8,2021-05-29T06:05,2021-05-29T20:39,52456.98,47164.52,0.2,0.2,0.0,2.0,20.9,41.8,195,26.18,5.06
1,2021-05-30,2021-05-30,Greece,Athens,37.9838,23.7275,0,24.6,18.3,24.1,18.0,2021-05-30T06:04,2021-05-30T20:40,52525.2,44173.96,0.2,0.2,0.0,2.0,12.9,29.5,200,17.63,3.81
1,2021-05-31,2021-05-31,Greece,Athens,37.9838,23.7275,1,26.0,18.3,24.9,19.0,2021-05-31T06:04,2021-05-31T20:41,52590.94,47163.96,0.0,0.0,0.0,0.0,19.9,48.2,194,24.0,4.77
1,2021-06-01,2021-06-01,Greece,Athens,37.9838,23.7275,2,24.5,16.1,23.7,15.4,2021-06-01T06:04,2021-06-01T20:41,52654.16,47281.65,0.4,0.4,0.0,2.0,21.7,43.2,260,27.27,5.6
1,2021-06-02,2021-06-02,Greece,Athens,37.9838,23.7275,1,25.1,13.3,23.2,12.0,2021-06-02T06:03,2021-06-02T20:42,52714.79,47519.99,0.0,0.0,0.0,0.0,23.0,45.4,183,25.4,5.09
1,2021-06-03,2021-06-03,Greece,Athens,37.9838,23.7275,3,25.4,15.7,24.8,15.3,2021-06-03T06:03,2021-06-03T20:43,52772.75,47402.42,0.0,0.0,0.0,0.0,19.5,39.6,190,26.37,5.32
1,2021-06-04,2021-06-04,Greece,Athens,37.9838,23.7275,3,26.2,16.4,26.2,14.5,2021-06-04T06:03,2021-06-04T20:43,52827.99,47523.98,0.0,0.0,0.0,0.0,14.6,29.2,68,26.83,5.65
1,2021-06-05,2021-06-05,Greece,Athens,37.9838,23.7275,0,26.2,16.2,25.5,14.5,2021-06-05T06:03,2021-06-05T20:44,52880.43,47525.67,0.0,0.0,0.0,0.0,22.7,43.2,168,27.46,5.68
1,2021-06-06,2021-06-06,Greece,Athens,37.9838,23.7275,0,26.6,18.8,26.6,18.2,2021-06-06T06:02,2021-06-06T20:45,52930.02,47536.03,0.0,0.0,0.0,0.0,17.0,36.4,174,27.81,5.78
1,2021-06-07,2021-06-07,Greece,Athens,37.9838,23.7275,0,29.5,20.4,29.1,20.0,2021-06-07T06:02,2021-06-07T20:45,52976.66,47528.46,0.0,0.0,0.0,0.0,17.9,37.1,188,26.05,5.83
1,2021-06-08,2021-06-08,Greece,Athens,37.9838,23.7275,1,27.7,19.7,29.5,19.9,2021-06-08T06:02,2021-06-08T20:46,53020.32,47284.71,1.6,1.6,0.0,1.0,11.2,29.2,149,25.49,5.32
1,2021-06-09,2021-06-09,Greece,Athens,37.9838,23.7275,0,28.5,19.5,30.8,20.1,2021-06-09T06:02,2021-06-09T20:46,53060.92,35543.57,9.8,9.8,0.0,5.0,17.7,41.0,348,22.08,4.74
1,2021-06-10,2021-06-10,Greece,Athens,37.9838,23.7275,3,27.5,19.4,28.2,19.4,2021-06-10T06:02,2021-06-10T20:47,53098.4,43200.0,3.0,3.0,0.0,6.0,15.6,34.2,321,24.21,5.2
1,2021-06-11,2021-06-11,Greece,Athens,37.9838,23.7275,1,27.0,17.7,28.2,17.2,2021-06-11T06:02,2021-06-11T20:47,53132.7,44620.39,4.2,4.2,0.0,6.0,9.4,33.5,357,23.13,4.67
1,2021-06-12,2021-06-12,Greece,Athens,37.9838,23.7275,0,26.5,17.6,28.1,17.9,2021-06-12T06:02,2021-06-12T20:48,53163.75,46255.56,8.5,8.5,0.0,2.0,14.8,31.7,352,22.89,4.23
1,2021-06-13,2021-06-13,Greece,Athens,37.9838,23.7275,0,24.9,17.0,26.3,16.8,2021-06-13T06:02,2021-06-13T20:48,53191.49,47533.15,3.6,3.6,0.0,2.0,11.8,29.2,151,24.02,4.6
1,2021-06-14,2021-06-14,Greece,Athens,37.9838,23.7275,0,23.4,17.9,23.0,15.5,2021-06-14T06:02,2021-06-14T20:49,53215.86,31095.25,0.8,0.8,0.0,7.0,18.2,33.8,9,14.89,3.5
1,2021-06-15,2021-06-15,Greece,Athens,37.9838,23.7275,53,21.6,14.9,23.4,14.8,2021-06-15T06:02,2021-06-15T20:49,53236.81,47211.27,9.5,9.5,0.0,13.0,12.3,31.7,311,24.29,4.26
1,2021-06-16,2021-06-16,Greece,Athens,37.9838,23.7275,3,27.5,16.3,28.0,15.8,2021-06-16T06:02,2021-06-16T20:49,53254.27,46969.96,0.0,0.0,0.0,0.0,20.1,41.4,242,27.57,5.74
1,2021-06-17,2021-06-17,Greece,Athens,37.9838,23.7275,0,26.5,20.9,27.5,20.5,2021-06-17T06:02,2021-06-17T20:50,53268.2,47656.45,0.0,0.0,0.0,0.0,15.9,31.0,163,26.7,5.3
1,2021-06-18,2021-06-18,Greece,Athens,37.9838,23.7275,0,28.1,20.2,29.8,21.1,2021-06-18T06:02,2021-06-18T20:50,53278.69,47410.41,0.0,0.0,0.0,0.0,17.5,32.4,186,24.92,5.04
1,2021-06-19,2021-06-19,Greece,Athens,37.9838,23.7275,0,28.9,19.6,30.4,20.2,2021-06-19T06:02,2021-06-19T20:50,53285.78,47532.61,1.5,1.5,0.0,3.0,14.0,31.0,154,23.08,4.9
1,2021-06-20,2021-06-20,Greece,Athens,37.9838,23.7275,1,29.6,19.5,31.8,20.1,2021-06-20T06:02,2021-06-20T20:50,53289.5,47594.96,0.3,0.3,0.0,2.0,14.5,36.4,171,26.45,5.62
1,2021-06-21,2021-06-21,Greece,Athens,37.9838,23.7275,1,28.7,20.0,30.7,21.6,2021-06-21T06:02,2021-06-21T20:51,53289.86,43809.61,0.1,0.1,0.0,1.0,17.3,35.6,183,25.02,5.21
1,2021-06-22,2021-06-22,Greece,Athens,37.9838,23.7275,0,31.6,22.5,33.9,24.4,2021-06-22T06:03,2021-06-22T20:51,53286.9,45593.57,0.0,0.0,0.0,0.0,14.8,32.4,186,26.13,5.55
1,2021-06-23,2021-06-23,Greece,Athens,37.9838,23.7275,2,33.6,24.6,36.0,27.3,2021-06-23T06:03,2021-06-23T20:51,53280.64,47916.23,0.0,0.0,0.0,0.0,17.0,35.6,183,28.66,6.42
1,2021-06-24,2021-06-24,Greece,Athens,37.9838,23.7275,0,33.6,23.6,37.0,25.4,2021-06-24T06:03,2021-06-24T20:51,53271.1,47899.33,0.0,0.0,0.0,0.0,18.7,38.5,193,28.66,6.68
1,2021-06-25,2021-06-25,Greece,Athens,37.9838,23.7275,0,35.6,25.1,37.0,26.2,2021-06-25T06:04,2021-06-25T20:51,53258.32,47792.03,0.0,0.0,0.0,0.0,14.9,33.1,196,26.83,6.78
1,2021-06-26,2021-06-26,Greece,Athens,37.9838,23.7275,0,36.9,25.3,38.2,25.6,2021-06-26T06:04,2021-06-26T20:51,53242.33,47789.55,0.0,0.0,0.0,0.0,17.4,37.8,175,28.05,7.3
1,2021-06-27,2021-06-27,Greece,Athens,37.9838,23.7275,0,34.5,25.2,37.2,25.7,2021-06-27T06:04,2021-06-27T20:51,53223.15,47892.59,0.0,0.0,0.0,0.0,19.7,38.2,101,27.69,7.06
1,2021-06-28,2021-06-28,Greece,Athens,37.9838,23.7275,0,34.8,24.1,37.3,24.6,2021-06-28T06:05,2021-06-28T20:51,53200.83,47889.67,0.0,0.0,0.0,0.0,19.1,38.2,138,26.92,6.33
1,2021-06-29,2021-06-29,Greece,Athens,37.9838,23.7275,0,34.4,24.7,36.3,24.9,2021-06-29T06:05,2021-06-29T20:51,53175.4,47772.25,0.0,0.0,0.0,0.0,15.5,33.8,127,28.65,6.99
1,2021-06-30,2021-06-30,Greece,Athens,37.9838,23.7275,0,35.2,24.6,37.2,24.6,2021-06-30T06:06,2021-06-30T20:51,53146.89,47670.92,0.0,0.0,0.0,0.0,16.9,35.6,179,28.91,7.23
1,2021-07-01,2021-07-01,Greece,Athens,37.9838,23.7275,0,36.3,27.4,37.2,28.2,2021-07-01T06:06,2021-07-01T20:51,53115.34,47984.23,0.0,0.0,0.0,0.0,18.6,37.4,197,28.71,7.06
1,2021-07-02,2021-07-02,Greece,Athens,37.9838,23.7275,0,37.0,25.1,35.4,25.5,2021-07-02T06:06,2021-07-02T20:51,53080.78,47979.44,0.0,0.0,0.0,0.0,24.1,46.8,247,29.86,8.58
1,2021-07-03,2021-07-03,Greece,Athens,37.9838,23.7275,0,32.8,25.1,33.0,24.8,2021-07-03T06:07,2021-07-03T20:51,53043.27,47546.45,0.8,0.8,0.0,4.0,18.4,42.1,32,24.66,6.05
1,2021-07-04,2021-07-04,Greece,Athens,37.9838,23.7275,0,31.7,22.6,31.9,22.3,2021-07-04T06:07,2021-07-04T20:51,53002.82,47649.06,0.0,0.0,0.0,0.0,20.9,43.6,205,26.59,6.57
1,2021-07-05,2021-07-05,Greece,Athens,37.9838,23.7275,0,32.8,23.6,33.5,28.0,2021-07-05T06:08,2021-07-05T20:51,52959.5,47646.29,0.0,0.0,0.0,0.0,20.7,41.4,200,27.13,6.21
1,2021-07-06,2021-07-06,Greece,Athens,37.9838,23.7275,0,32.4,23.0,34.2,23.5,2021-07-06T06:09,2021-07-06T20:50,52913.33,47435.67,0.6,0.6,0.0,4.0,14.0,31.7,155,25.63,6.01
1,2021-07-07,2021-07-07,Greece,Athens,37.9838,23.7275,0,34.7,23.2,36.7,22.9,2021-07-07T06:09,2021-07-07T20:50,52864.31,47639.52,0.0,0.0,0.0,0.0,14.9,32.4,16,27.2,6.37
1,2021-07-08,2021-07-08,Greece,Athens,37.9838,23.7275,0,34.3,25.8,35.3,26.7,2021-07-08T06:10,2021-07-08T20:50,52811.98,47534.69,0.0,0.0,0.0,0.0,18.2,38.9,20,28.98,7.83
1,2021-07-09,2021-07-09,Greece,Athens,37.9838,23.7275,0,32.9,25.2,32.9,26.8,2021-07-09T06:10,2021-07-09T20:49,52756.3,47432.95,0.0,0.0,0.0,0.0,20.6,42.1,0,29.17,7.85
1,2021-07-10,2021-07-10,Greece,Athens,37.9838,23.7275,0,33.9,23.8,32.7,23.2,2021-07-10T06:11,2021-07-10T20:49,52697.38,47628.0,0.0,0.0,0.0,0.0,16.6,34.6,356,30.06,8.5
1,2021-07-11,2021-07-11,Greece,Athens,37.9838,23.7275,0,33.4,22.6,32.8,22.7,2021-07-11T06:12,2021-07-11T20:49,52635.32,47429.63,0.0,0.0,0.0,0.0,16.7,34.6,348,29.26,8.11
1,2021-07-12,2021-07-12,Greece,Athens,37.9838,23.7275,0,35.3,23.2,34.8,22.1,2021-07-12T06:12,2021-07-12T20:48,52570.23,47524.17,0.0,0.0,0.0,0.0,13.7,30.2,2,29.45,7.86
1,2021-07-13,2021-07-13,Greece,Athens,37.9838,23.7275,0,36.0,23.7,35.9,22.2,2021-07-13T06:13,2021-07-13T20:48,52502.23,47519.69,0.0,0.0,0.0,0.0,13.1,30.6,6,29.39,8.28
1,2021-07-14,2021-07-14,Greece,Athens,37.9838,23.7275,0,36.9,24.7,37.4,23.5,2021-07-14T06:14,2021-07-14T20:47,52431.42,47420.34,0.0,0.0,0.0,0.0,13.4,29.9,3,29.2,7.92
1,2021-07-15,2021-07-15,Greece,Athens,37.9838,23.7275,0,37.6,25.3,37.4,25.5,2021-07-15T06:14,2021-07-15T20:47,52357.91,47330.09,0.0,0.0,0.0,0.0,14.4,31.3,359,29.48,8.05
1,2021-07-16,2021-07-16,Greece,Athens,37.9838,23.7275,0,37.5,23.6,39.3,23.1,2021-07-16T06:15,2021-07-16T20:46,52281.8,47319.8,0.0,0.0,0.0,0.0,19.6,41.8,317,29.62,7.87
1,2021-07-17,2021-07-17,Greece,Athens,37.9838,23.7275,0,32.9,24.2,34.8,25.3,2021-07-17T06:16,2021-07-17T20:46,52203.2,47234.86,0.0,0.0,0.0,0.0,20.3,41.0,198,28.8,6.93
1,2021-07-18,2021-07-18,Greece,Athens,37.9838,23.7275,0,30.7,23.9,33.7,26.0,2021-07-18T06:17,2021-07-18T20:45,52122.22,47067.76,0.0,0.0,0.0,0.0,17.9,37.4,183,28.81,6.13
1,2021-07-19,2021-07-19,Greece,Athens,37.9838,23.7275,0,30.1,23.1,32.8,26.1,2021-07-19T06:17,2021-07-19T20:45,52038.97,46888.29,0.2,0.2,0.0,2.0,18.4,37.4,168,25.58,5.6
1,2021-07-20,2021-07-20,Greece,Athens,37.9838,23.7275,0,31.7,22.8,33.4,26.3,2021-07-20T06:18,2021-07-20T20:44,51953.54,46808.02,0.0,0.0,0.0,0.0,15.3,31.7,186,24.25,5.41
1,2021-07-21,2021-07-21,Greece,Athens,37.9838,23.7275,0,34.7,24.0,36.2,25.4,2021-07-21T06:19,2021-07-21T20:43,51866.04,46812.35,0.9,0.9,0.0,3.0,13.7,30.6,339,26.39,6.33
1,2021-07-22,2021-07-22,Greece,Athens,37.9838,23.7275,0,32.1,25.9,32.9,25.4,2021-07-22T06:20,2021-07-22T20:43,51776.57,46894.02,0.0,0.0,0.0,0.0,16.6,34.6,12,28.21,7.5
1,2021-07-23,2021-07-23,Greece,Athens,37.9838,23.7275,0,31.2,23.0,30.3,23.5,2021-07-23T06:20,2021-07-23T20:42,51685.23,46895.39,0.0,0.0,0.0,0.0,17.3,36.4,359,27.32,7.37
1,2021-07-24,2021-07-24,Greece,Athens,37.9838,23.7275,0,31.2,22.2,30.6,21.7,2021-07-24T06:21,2021-07-24T20:41,51592.12,46824.53,0.0,0.0,0.0,0.0,19.9,40.7,351,27.78,7.45
1,2021-07-25,2021-07-25,Greece,Athens,37.9838,23.7275,0,31.4,22.5,29.7,22.2,2021-07-25T06:22,2021-07-25T20:40,51497.35,46828.14,0.0,0.0,0.0,0.0,19.8,40.7,351,29.11,7.81
1,2021-07-26,2021-07-26,Greece,Athens,37.9838,23.7275,0,33.6,21.7,32.3,21.9,2021-07-26T06:23,2021-07-26T20:39,51401.0,46831.45,0.0,0.0,0.0,0.0,15.5,33.8,357,29.22,7.47
1,2021-07-27,2021-07-27,Greece,Athens,37.9838,23.7275,0,36.5,22.9,36.3,22.3,2021-07-27T06:24,2021-07-27T20:39,51303.08,46800.0,0.0,0.0,0.0,0.0,14.5,32.4,1,28.32,7.43
1,2021-07-28,2021-07-28,Greece,Athens,37.9838,23.7275,0,37.7,25.7,36.0,24.3,2021-07-28T06:25,2021-07-28T20:38,51202.78,46800.0,0.0,0.0,0.0,0.0,18.2,38.9,10,28.43,9.25
1,2021-07-29,2021-07-29,Greece,Athens,37.9838,23.7275,0,39.7,25.1,41.0,24.2,2021-07-29T06:25,2021-07-29T20:37,51100.0,46800.0,0.0,0.0,0.0,0.0,11.8,27.7,23,27.87,7.78
1,2021-07-30,2021-07-30,Greece,Athens,37.9838,23.7275,0,39.3,27.2,39.8,25.7,2021-07-30T06:26,2021-07-30T20:36,50994.86,46800.0,0.0,0.0,0.0,0.0,15.3,32.4,84,27.34,7.62
1,2021-07-31,2021-07-31,Greece,Athens,37.9838,23.7275,0,38.3,27.5,38.1,26.7,2021-07-31T06:27,2021-07-31T20:35,50887.5,46800.0,0.0,0.0,0.0,0.0,17.4,36.0,168,27.82,7.96
1,2021-08-01,2021-08-01,Greece,Athens,37.9838,23.7275,0,39.3,26.0,40.5,24.2,2021-08-01T06:28,2021-08-01T20:34,50778.07,46800.0,0.0,0.0,0.0,0.0,15.5,33.1,208,27.85,7.63
1,2021-08-02,2021-08-02,Greece,Athens,37.9838,23.7275,0,38.9,27.3,39.4,26.2,2021-08-02T06:29,2021-08-02T20:33,50666.66,46800.0,0.0,0.0,0.0,0.0,17.7,36.4,206,27.38,7.6
1,2021-08-03,2021-08-03,Greece,Athens,37.9838,23.7275,0,43.8,27.8,41.9,26.5,2021-08-03T06:30,2021-08-03T20:32,50553.42,46800.0,0.0,0.0,0.0,0.0,19.2,37.4,4,27.47,8.49
1,2021-08-04,2021-08-04,Greece,Athens,37.9838,23.7275,0,39.4,29.1,39.2,27.1,2021-08-04T06:30,2021-08-04T20:31,50438.47,46800.0,0.0,0.0,0.0,0.0,19.7,40.0,194,26.96,7.98
1,2021-08-05,2021-08-05,Greece,Athens,37.9838,23.7275,0,38.5,27.7,38.4,26.8,2021-08-05T06:31,2021-08-05T20:30,50321.93,46800.0,0.0,0.0,0.0,0.0,18.6,37.8,186,27.15,7.7
1,2021-08-06,2021-08-06,Greece,Athens,37.9838,23.7275,0,36.8,27.5,33.4,26.4,2021-08-06T06:32,2021-08-06T20:29,50203.92,38080.02,0.0,0.0,0.0,0.0,25.6,50.8,286,23.95,7.95
1,2021-08-07,2021-08-07,Greece,Athens,37.9838,23.7275,0,35.4,25.6,34.9,27.4,2021-08-07T06:33,2021-08-07T20:28,50084.56,46781.48,0.0,0.0,0.0,0.0,20.8,40.7,342,26.58,7.4
1,2021-08-08,2021-08-08,Greece,Athens,37.9838,23.7275,0,32.9,22.5,34.8,21.3,2021-08-08T06:34,2021-08-08T20:27,49963.96,46726.02,0.0,0.0,0.0,0.0,17.2,36.7,82,27.01,6.65
1,2021-08-09,2021-08-09,Greece,Athens,37.9838,23.7275,0,34.4,23.5,35.8,22.1,2021-08-09T06:35,2021-08-09T20:25,49842.23,46611.17,0.0,0.0,0.0,0.0,16.3,34.2,207,26.8,6.9
1,2021-08-10,2021-08-10,Greece,Athens,37.9838,23.7275,0,36.5,25.5,37.4,26.0,2021-08-10T06:36,2021-08-10T20:24,49719.48,46495.23,0.0,0.0,0.0,0.0,14.8,31.3,177,26.11,6.84
1,2021-08-11,2021-08-11,Greece,Athens,37.9838,23.7275,0,35.2,26.8,36.1,27.1,2021-08-11T06:37,2021-08-11T20:23,49595.84,42778.31,0.0,0.0,0.0,0.0,17.0,36.0,170,23.97,6.51
1,2021-08-12,2021-08-12,Greece,Athens,37.9838,23.7275,0,34.7,25.4,34.8,26.7,2021-08-12T06:37,2021-08-12T20:22,49471.39,46260.49,0.0,0.0,0.0,0.0,17.4,37.1,20,24.88,7.45
1,2021-08-13,2021-08-13,Greece,Athens,37.9838,23.7275,0,34.8,25.7,34.8,25.4,2021-08-13T06:38,2021-08-13T20:21,49346.25,46141.87,0.0,0.0,0.0,0.0,18.0,38.2,15,26.3,8.16
1,2021-08-14,2021-08-14,Greece,Athens,37.9838,23.7275,0,31.3,24.7,29.6,25.1,2021-08-14T06:39,2021-08-14T20:19,49220.51,46022.54,0.0,0.0,0.0,0.0,21.7,44.6,12,26.55,7.35
1,2021-08-15,2021-08-15,Greece,Athens,37.9838,23.7275,0,32.2,23.2,30.6,22.7,2021-08-15T06:40,2021-08-15T20:18,49094.28,45902.61,0.0,0.0,0.0,0.0,17.4,37.4,360,26.9,7.43
1,2021-08-16,2021-08-16,Greece,Athens,37.9838,23.7275,0,34.5,20.5,33.2,21.1,2021-08-16T06:41,2021-08-16T20:17,48967.56,45781.89,0.0,0.0,0.0,0.0,14.4,31.0,346,26.72,6.73
1,2021-08-17,2021-08-17,Greece,Athens,37.9838,23.7275,0,32.0,20.6,31.7,17.9,2021-08-17T06:42,2021-08-17T20:16,48839.43,45659.59,0.0,0.0,0.0,0.0,19.6,39.2,190,26.46,6.63
1,2021-08-18,2021-08-18,Greece,Athens,37.9838,23.7275,0,33.5,23.5,34.6,23.9,2021-08-18T06:43,2021-08-18T20:14,48709.74,45535.66,0.0,0.0,0.0,0.0,14.2,31.3,170,24.18,5.9
1,2021-08-19,2021-08-19,Greece,Athens,37.9838,23.7275,0,33.2,23.8,35.1,23.9,2021-08-19T06:44,2021-08-19T20:13,48578.61,45410.21,0.1,0.1,0.0,1.0,14.4,29.5,39,23.25,6.03
1,2021-08-20,2021-08-20,Greece,Athens,37.9838,23.7275,0,32.3,25.0,32.0,25.9,2021-08-20T06:44,2021-08-20T20:12,48446.14,45283.35,0.0,0.0,0.0,0.0,17.8,37.4,34,24.77,6.69
1,2021-08-21,2021-08-21,Greece,Athens,37.9838,23.7275,0,33.5,23.3,33.3,22.9,2021-08-21T06:45,2021-08-21T20:10,48312.45,45155.19,0.0,0.0,0.0,0.0,18.6,35.3,360,24.94,7.06
1,2021-08-22,2021-08-22,Greece,Athens,37.9838,23.7275,0,31.8,22.6,30.6,24.2,2021-08-22T06:46,2021-08-22T20:09,48177.65,45025.8,0.0,0.0,0.0,0.0,20.2,41.4,346,25.35,6.83
1,2021-08-23,2021-08-23,Greece,Athens,37.9838,23.7275,0,31.6,22.6,31.4,21.9,2021-08-23T06:47,2021-08-23T20:08,48041.85,44895.3,0.0,0.0,0.0,0.0,17.7,37.1,350,25.44,6.7
1,2021-08-24,2021-08-24,Greece,Athens,37.9838,23.7275,0,33.8,21.5,33.0,22.8,2021-08-24T06:48,2021-08-24T20:06,47905.14,44763.78,0.0,0.0,0.0,0.0,15.8,33.5,335,25.54,6.41
1,2021-08-25,2021-08-25,Greece,Athens,37.9838,23.7275,0,33.2,20.8,33.9,19.1,2021-08-25T06:49,2021-08-25T20:05,47767.64,44631.33,0.0,0.0,0.0,0.0,21.3,42.5,159,25.02,6.4
1,2021-08-26,2021-08-26,Greece,Athens,37.9838,23.7275,0,33.5,25.2,33.6,25.9,2021-08-26T06:50,2021-08-26T20:03,47629.45,44498.05,0.0,0.0,0.0,0.0,16.9,35.6,194,24.38,5.66
1,2021-08-27,2021-08-27,Greece,Athens,37.9838,23.7275,0,31.6,25.8,33.5,27.8,2021-08-27T06:50,2021-08-27T20:02,47490.65,44364.03,0.0,0.0,0.0,0.0,17.2,36.0,203,23.42,5.29
1,2021-08-28,2021-08-28,Greece,Athens,37.9838,23.7275,0,32.3,23.8,32.6,25.6,2021-08-28T06:51,2021-08-28T20:00,47351.36,44229.36,0.0,0.0,0.0,0.0,19.0,37.8,207,24.63,5.8
1,2021-08-29,2021-08-29,Greece,Athens,37.9838,23.7275,0,32.9,23.5,32.4,24.8,2021-08-29T06:52,2021-08-29T19:59,47211.66,44068.02,0.0,0.0,0.0,0.0,20.4,41.4,221,24.15,6.03
1,2021-08-30,2021-08-30,Greece,Athens,37.9838,23.7275,0,33.0,23.2,31.8,24.2,2021-08-30T06:53,2021-08-30T19:57,47071.65,43610.89,0.0,0.0,0.0,0.0,21.9,45.4,221,22.35,5.68
1,2021-08-31,2021-08-31,Greece,Athens,37.9838,23.7275,0,31.2,21.4,32.0,21.8,2021-08-31T06:54,2021-08-31T19:56,46931.43,43293.16,0.0,0.0,0.0,0.0,19.3,38.9,205,21.19,4.97
1,2021-09-01,2021-09-01,Greece,Athens,37.9838,23.7275,0,31.2,20.8,31.6,20.1,2021-09-01T06:55,2021-09-01T19:54,46791.08,42750.09,0.5,0.5,0.0,4.0,16.8,36.0,221,20.65,4.88
1,2021-09-02,2021-09-02,Greece,Athens,37.9838,23.7275,0,30.8,22.6,30.1,22.9,2021-09-02T06:56,2021-09-02T19:53,46650.69,42922.33,0.0,0.0,0.0,0.0,18.9,37.4,1,22.4,5.45
1,2021-09-03,2021-09-03,Greece,Athens,37.9838,23.7275,0,29.5,19.5,28.5,19.7,2021-09-03T06:56,2021-09-03T19:51,46510.36,42855.31,0.0,0.0,0.0,0.0,16.0,33.1,8,21.52,5.52
1,2021-09-04,2021-09-04,Greece,Athens,37.9838,23.7275,0,29.8,19.1,30.1,18.9,2021-09-04T06:57,2021-09-04T19:50,46370.17,42464.98,0.0,0.0,0.0,0.0,17.8,38.9,31,20.81,5.17
1,2021-09-05,2021-09-05,Greece,Athens,37.9838,23.7275,1,28.9,23.0,29.6,22.5,2021-09-05T06:58,2021-09-05T19:48,46230.11,40872.63,0.4,0.4,0.0,2.0,8.4,26.6,15,19.17,4.3
1,2021-09-06,2021-09-06,Greece,Athens,37.9838,23.7275,1,26.2,19.7,25.0,19.8,2021-09-06T06:59,2021-09-06T19:47,46089.24,41667.31,0.1,0.1,0.0,1.0,21.5,43.9,8,20.15,4.87
1,2021-09-07,2021-09-07,Greece,Athens,37.9838,23.7275,0,25.9,19.6,23.7,19.2,2021-09-07T07:00,2021-09-07T19:45,45947.41,41317.35,0.0,0.0,0.0,0.0,22.7,44.6,6,17.06,4.5
1,2021-09-08,2021-09-08,Greece,Athens,37.9838,23.7275,2,25.2,19.0,25.0,19.6,2021-09-08T07:01,2021-09-08T19:44,45804.71,29279.75,3.3,3.3,0.0,6.0,16.0,31.7,351,13.6,3.14
1,2021-09-09,2021-09-09,Greece,Athens,37.9838,23.7275,1,24.0,18.4,24.0,19.4,2021-09-09T07:02,2021-09-09T19:42,45661.22,40018.94,0.2,0.2,0.0,2.0,15.0,30.6,331,16.4,3.33
1,2021-09-10,2021-09-10,Greece,Athens,37.9838,23.7275,1,26.1,17.2,26.9,17.8,2021-09-10T07:02,2021-09-10T19:41,45517.05,40905.04,0.8,0.8,0.0,7.0,13.3,28.1,337,18.44,3.64
1,2021-09-11,2021-09-11,Greece,Athens,37.9838,23.7275,0,26.5,17.2,27.2,17.4,2021-09-11T07:03,2021-09-11T19:39,45372.29,41138.27,0.1,0.1,0.0,1.0,14.1,32.4,75,20.62,4.27
1,2021-09-12,2021-09-12,Greece,Athens,37.9838,23.7275,0,28.3,18.6,27.1,17.4,2021-09-12T07:04,2021-09-12T19:38,45227.03,34448.71,0.0,0.0,0.0,0.0,14.8,33.8,18,18.14,4.66
1,2021-09-13,2021-09-13,Greece,Athens,37.9838,23.7275,1,27.4,19.9,25.2,19.3,2021-09-13T07:05,2021-09-13T19:36,45081.37,40181.64,0.0,0.0,0.0,0.0,19.4,42.5,346,15.58,4.71
1,2021-09-14,2021-09-14,Greece,Athens,37.9838,23.7275,1,29.4,20.5,27.6,19.9,2021-09-14T07:06,2021-09-14T19:35,44935.38,40153.99,0.0,0.0,0.0,0.0,18.0,42.5,344,20.98,5.86
1,2021-09-15,2021-09-15,Greece,Athens,37.9838,23.7275,0,30.2,18.2,30.2,16.4,2021-09-15T07:07,2021-09-15T19:33,44789.16,40730.78,0.0,0.0,0.0,0.0,11.9,24.8,10,20.26,5.02
1,2021-09-16,2021-09-16,Greece,Athens,37.9838,23.7275,0,30.0,20.5,29.5,19.1,2021-09-16T07:07,2021-09-16T19:31,44642.81,40606.27,0.0,0.0,0.0,0.0,17.1,37.1,167,21.12,5.19
1,2021-09-17,2021-09-17,Greece,Athens,37.9838,23.7275,1,29.6,22.4,30.4,22.4,2021-09-17T07:08,2021-09-17T19:30,44496.4,40485.28,0.0,0.0,0.0,0.0,14.1,32.8,161,20.75,4.44
1,2021-09-18,2021-09-18,Greece,Athens,37.9838,23.7275,0,36.2,22.7,33.5,25.2,2021-09-18T07:09,2021-09-18T19:28,44350.02,40367.93,0.0,0.0,0.0,0.0,24.7,47.9,276,20.04,6.37
1,2021-09-19,2021-09-19,Greece,Athens,37.9838,23.7275,0,34.4,24.8,33.3,25.1,2021-09-19T07:10,2021-09-19T19:27,44203.77,40254.38,0.0,0.0,0.0,0.0,16.4,34.9,239,19.8,4.94
1,2021-09-20,2021-09-20,Greece,Athens,37.9838,23.7275,0,33.1,24.7,33.6,25.7,2021-09-20T07:11,2021-09-20T19:25,44057.71,40236.29,0.0,0.0,0.0,0.0,15.3,33.5,254,20.88,5.63
1,2021-09-21,2021-09-21,Greece,Athens,37.9838,23.7275,0,32.2,22.0,31.9,22.5,2021-09-21T07:12,2021-09-21T19:23,43911.96,40034.3,0.0,0.0,0.0,0.0,21.0,40.3,207,19.26,5.09
1,2021-09-22,2021-09-22,Greece,Athens,37.9838,23.7275,0,26.3,20.4,27.6,21.8,2021-09-22T07:13,2021-09-22T19:22,43766.59,38477.3,4.5,4.5,0.0,10.0,11.0,25.2,45,15.51,3.43
1,2021-09-23,2021-09-23,Greece,Athens,37.9838,23.7275,53,20.5,14.8,21.5,14.1,2021-09-23T07:13,2021-09-23T19:20,43621.68,34560.56,2.5,2.5,0.0,10.0,18.7,37.4,20,14.08,2.98
1,2021-09-24,2021-09-24,Greece,Athens,37.9838,23.7275,0,23.1,12.4,20.9,10.5,2021-09-24T07:14,2021-09-24T19:19,43477.32,39644.6,0.0,0.0,0.0,0.0,18.1,37.1,296,20.52,4.02
1,2021-09-25,2021-09-25,Greece,Athens,37.9838,23.7275,0,27.5,14.2,26.7,12.4,2021-09-25T07:15,2021-09-25T19:17,43333.5,39457.2,0.0,0.0,0.0,0.0,14.1,29.5,125,20.37,4.35
1,2021-09-26,2021-09-26,Greece,Athens,37.9838,23.7275,0,29.1,15.4,30.4,13.4,2021-09-26T07:16,2021-09-26T19:16,43189.25,39274.17,0.0,0.0,0.0,0.0,12.2,26.6,5,19.7,4.27
1,2021-09-27,2021-09-27,Greece,Athens,37.9838,23.7275,0,30.3,17.5,31.1,16.2,2021-09-27T07:17,2021-09-27T19:14,43044.37,39095.77,0.0,0.0,0.0,0.0,15.3,29.9,7,19.44,4.67
1,2021-09-28,2021-09-28,Greece,Athens,37.9838,23.7275,0,28.8,19.5,29.5,18.2,2021-09-28T07:18,2021-09-28T19:13,42898.96,34460.29,0.0,0.0,0.0,0.0,14.8,34.6,51,18.15,4.85
1,2021-09-29,2021-09-29,Greece,Athens,37.9838,23.7275,0,25.9,19.1,24.9,19.0,2021-09-29T07:19,2021-09-29T19:11,42753.12,38749.62,0.0,0.0,0.0,0.0,15.5,31.7,8,17.52,4.18
1,2021-09-30,2021-09-30,Greece,Athens,37.9838,23.7275,1,24.3,17.5,22.4,16.6,2021-09-30T07:20,2021-09-30T19:10,42606.94,38667.26,0.0,0.0,0.0,0.0,17.9,35.6,10,18.46,4.27
1,2021-10-01,2021-10-01,Greece,Athens,37.9838,23.7275,0,22.2,16.2,18.8,15.1,2021-10-01T07:21,2021-10-01T19:08,42460.52,32351.95,0.0,0.0,0.0,0.0,22.2,42.8,6,15.41,3.69
1,2021-10-02,2021-10-02,Greece,Athens,37.9838,23.7275,0,21.8,14.4,18.4,13.3,2021-10-02T07:21,2021-10-02T19:07,42313.95,26124.5,0.0,0.0,0.0,0.0,19.5,39.2,354,13.53,3.24
1,2021-10-03,2021-10-03,Greece,Athens,37.9838,23.7275,0,23.3,14.2,21.6,13.4,2021-10-03T07:22,2021-10-03T19:05,42167.34,38373.28,0.0,0.0,0.0,0.0,15.5,31.3,356,18.54,3.81
1,2021-10-04,2021-10-04,Greece,Athens,37.9838,23.7275,3,24.0,13.2,22.1,12.2,2021-10-04T07:23,2021-10-04T19:03,42020.77,36778.86,0.0,0.0,0.0,0.0,14.4,30.6,351,18.43,3.86
1,2021-10-05,2021-10-05,Greece,Athens,37.9838,23.7275,0,24.9,12.8,24.3,11.7,2021-10-05T07:24,2021-10-05T19:02,41874.34,38185.89,0.0,0.0,0.0,0.0,12.4,25.2,8,18.45,3.83
1,2021-10-06,2021-10-06,Greece,Athens,37.9838,23.7275,0,23.9,13.3,22.5,12.5,2021-10-06T07:25,2021-10-06T19:00,41728.16,38092.76,0.0,0.0,0.0,0.0,13.2,27.0,5,17.95,3.66
1,2021-10-07,2021-10-07,Greece,Athens,37.9838,23.7275,0,22.8,13.7,22.6,12.9,2021-10-07T07:26,2021-10-07T18:59,41582.31,34707.17,0.0,0.0,0.0,0.0,13.7,26.3,61,16.51,3.23
1,2021-10-08,2021-10-08,Greece,Athens,37.9838,23.7275,3,21.5,16.1,22.8,15.1,2021-10-08T07:27,2021-10-08T18:57,41436.91,20030.78,12.6,12.6,0.0,15.0,15.0,44.3,86,8.21,1.79
1,2021-10-09,2021-10-09,Greece,Athens,37.9838,23.7275,2,21.9,16.9,22.9,17.8,2021-10-09T07:28,2021-10-09T18:56,41292.04,35538.43,5.4,5.4,0.0,14.0,8.5,18.7,9,10.66,1.91
1,2021-10-10,2021-10-10,Greece,Athens,37.9838,23.7275,53,22.0,17.5,24.0,18.3,2021-10-10T07:29,2021-10-10T18:54,41147.82,31890.63,3.5,3.5,0.0,7.0,9.8,29.5,102,11.74,2.05
1,2021-10-11,2021-10-11,Greece,Athens,37.9838,23.7275,2,23.0,17.9,24.7,19.3,2021-10-11T07:30,2021-10-11T18:53,41004.34,32738.51,5.3,5.3,0.0,7.0,14.3,39.2,171,14.53,2.59
1,2021-10-12,2021-10-12,Greece,Athens,37.9838,23.7275,0,20.2,13.8,19.2,13.0,2021-10-12T07:31,2021-10-12T18:52,40861.7,34605.41,0.3,0.3,0.0,1.0,19.1,36.4,293,13.87,2.48
1,2021-10-13,2021-10-13,Greece,Athens,37.9838,23.7275,0,21.1,12.9,19.8,11.6,2021-10-13T07:32,2021-10-13T18:50,40720.02,34861.65,0.6,0.6,0.0,3.0,12.3,24.1,86,13.6,2.53
1,2021-10-14,2021-10-14,Greece,Athens,37.9838,23.7275,0,18.6,15.8,18.8,15.1,2021-10-14T07:33,2021-10-14T18:49,40579.4,10800.0,21.2,21.2,0.0,12.0,17.9,34.6,125,5.29,1.09
1,2021-10-15,2021-10-15,Greece,Athens,37.9838,23.7275,53,19.6,15.5,19.0,15.8,2021-10-15T07:33,2021-10-15T18:47,40439.84,13729.1,28.7,28.7,0.0,23.0,29.5,58.0,135,6.93,1.26
1,2021-10-16,2021-10-16,Greece,Athens,37.9838,23.7275,3,20.8,14.9,19.7,13.8,2021-10-16T07:34,2021-10-16T18:46,40300.26,36110.34,0.0,0.0,0.0,0.0,19.2,34.2,254,14.99,2.89
1,2021-10-17,2021-10-17,Greece,Athens,37.9838,23.7275,0,20.4,12.5,20.2,11.6,2021-10-17T07:35,2021-10-17T18:45,40160.46,26045.51,1.6,1.6,0.0,3.0,8.9,19.1,30,10.75,1.82
1,2021-10-18,2021-10-18,Greece,Athens,37.9838,23.7275,1,20.1,13.1,20.9,12.3,2021-10-18T07:36,2021-10-18T18:43,40020.54,35104.24,0.3,0.3,0.0,2.0,9.5,19.1,24,13.0,2.27
1,2021-10-19,2021-10-19,Greece,Athens,37.9838,23.7275,0,20.6,12.6,18.9,11.5,2021-10-19T07:37,2021-10-19T18:42,39880.63,35854.94,0.0,0.0,0.0,0.0,12.4,23.8,16,13.29,2.4
1,2021-10-20,2021-10-20,Greece,Athens,37.9838,23.7275,0,20.9,11.2,19.0,10.0,2021-10-20T07:38,2021-10-20T18:41,39740.84,35721.72,0.0,0.0,0.0,0.0,14.9,25.2,350,13.35,2.44
1,2021-10-21,2021-10-21,Greece,Athens,37.9838,23.7275,0,19.2,10.6,18.8,8.7,2021-10-21T07:39,2021-10-21T18:39,39601.27,35666.93,0.0,0.0,0.0,0.0,10.3,20.2,73,15.01,2.4
1,2021-10-22,2021-10-22,Greece,Athens,37.9838,23.7275,0,22.3,14.4,22.2,13.7,2021-10-22T07:40,2021-10-22T18:38,39462.05,35578.27,0.0,0.0,0.0,0.0,15.4,28.4,240,13.15,2.26
1,2021-10-23,2021-10-23,Greece,Athens,37.9838,23.7275,0,23.4,17.0,23.9,17.3,2021-10-23T07:41,2021-10-23T18:37,39323.3,35514.17,0.1,0.1,0.0,1.0,10.7,20.9,253,14.12,2.45
1,2021-10-24,2021-10-24,Greece,Athens,37.9838,23.7275,0,23.5,15.2,24.2,13.7,2021-10-24T07:42,2021-10-24T18:35,39185.13,32472.93,0.2,0.2,0.0,2.0,19.2,36.4,27,12.49,2.48
1,2021-10-25,2021-10-25,Greece,Athens,37.9838,23.7275,3,16.7,13.0,14.0,10.9,2021-10-25T07:43,2021-10-25T18:34,39047.67,22736.01,2.4,2.4,0.0,6.0,17.7,35.3,25,10.1,2.33
1,2021-10-26,2021-10-26,Greece,Athens,37.9838,23.7275,3,17.8,10.5,15.2,8.7,2021-10-26T07:44,2021-10-26T18:33,38911.04,35319.48,0.0,0.0,0.0,0.0,16.4,30.6,5,12.73,2.32
1,2021-10-27,2021-10-27,Greece,Athens,37.9838,23.7275,1,18.9,10.3,16.2,8.4,2021-10-27T07:45,2021-10-27T18:32,38775.38,35253.89,0.0,0.0,0.0,0.0,15.7,30.6,12,11.85,2.2
1,2021-10-28,2021-10-28,Greece,Athens,37.9838,23.7275,0,18.6,11.9,15.7,10.3,2021-10-28T07:46,2021-10-28T18:30,38640.8,35188.01,0.0,0.0,0.0,0.0,19.0,36.4,17,12.35,2.26
1,2021-10-29,2021-10-29,Greece,Athens,37.9838,23.7275,1,17.6,10.8,14.8,8.5,2021-10-29T07:48,2021-10-29T18:29,38507.44,35121.86,0.0,0.0,0.0,0.0,18.1,34.6,12,13.42,2.32
1,2021-10-30,2021-10-30,Greece,Athens,37.9838,23.7275,1,18.9,10.5,17.3,8.9,2021-10-30T07:49,2021-10-30T18:28,38375.43,30969.88,0.0,0.0,0.0,0.0,16.4,29.5,0,9.06,1.78
1,2021-10-31,2021-10-31,Greece,Athens,37.9838,23.7275,0,18.9,11.8,17.7,10.9,2021-10-31T07:50,2021-10-31T18:27,38244.91,32956.05,0.2,0.2,0.0,1.0,10.8,20.5,6,10.2,1.78
1,2021-11-01,2021-11-01,Greece,Athens,37.9838,23.7275,1,18.8,9.8,17.4,8.1,2021-11-01T07:51,2021-11-01T18:26,38116.03,31322.23,0.3,0.3,0.0,1.0,14.3,27.7,343,12.5,2.1
1,2021-11-02,2021-11-02,Greece,Athens,37.9838,23.7275,0,21.0,12.7,23.0,11.3,2021-11-02T07:52,2021-11-02T18:25,37988.91,19327.58,1.1,1.1,0.0,8.0,27.1,47.9,161,6.51,1.29
1,2021-11-03,2021-11-03,Greece,Athens,37.9838,23.7275,0,21.7,14.8,21.7,14.3,2021-11-03T07:53,2021-11-03T18:24,37863.71,34596.56,0.0,0.0,0.0,0.0,9.8,19.4,31,13.28,2.25
1,2021-11-04,2021-11-04,Greece,Athens,37.9838,23.7275,0,21.3,14.5,23.1,14.6,2021-11-04T07:54,2021-11-04T18:23,37740.45,33760.55,0.0,0.0,0.0,0.0,7.1,16.2,76,12.61,2.01
1,2021-11-05,2021-11-05,Greece,Athens,37.9838,23.7275,3,21.9,15.5,24.0,15.9,2021-11-05T07:55,2021-11-05T18:22,37617.99,33689.07,0.0,0.0,0.0,0.0,8.8,15.1,32,12.75,2.12
1,2021-11-06,2021-11-06,Greece,Athens,37.9838,23.7275,0,23.3,14.2,26.2,13.7,2021-11-06T07:56,2021-11-06T18:21,37496.12,33746.11,0.0,0.0,0.0,0.0,8.4,18.0,356,12.15,2.06
1,2021-11-07,2021-11-07,Greece,Athens,37.9838,23.7275,0,23.3,13.2,23.0,12.6,2021-11-07T07:57,2021-11-07T18:20,37374.98,29818.37,0.0,0.0,0.0,0.0,13.2,24.5,5,11.38,2.13
1,2021-11-08,2021-11-08,Greece,Athens,37.9838,23.7275,3,19.3,11.3,20.0,10.2,2021-11-08T07:58,2021-11-08T18:19,37254.68,31133.99,0.0,0.0,0.0,0.0,8.7,18.4,39,10.48,1.59
1,2021-11-09,2021-11-09,Greece,Athens,37.9838,23.7275,2,20.4,14.3,21.0,14.2,2021-11-09T07:59,2021-11-09T18:18,37135.37,25616.45,0.0,0.0,0.0,0.0,9.8,20.2,64,10.73,1.73
1,2021-11-10,2021-11-10,Greece,Athens,37.9838,23.7275,2,16.4,11.7,16.2,9.5,2021-11-10T08:00,2021-11-10T18:17,37017.18,26587.49,0.0,0.0,0.0,0.0,21.4,43.6,26,9.64,2.13
1,2021-11-11,2021-11-11,Greece,Athens,37.9838,23.7275,3,14.6,10.3,11.7,8.2,2021-11-11T08:01,2021-11-11T18:16,36900.26,13541.55,0.0,0.0,0.0,0.0,15.6,29.5,5,7.42,1.7
1,2021-11-12,2021-11-12,Greece,Athens,37.9838,23.7275,3,17.9,8.8,16.6,6.8,2021-11-12T08:02,2021-11-12T18:15,36784.73,31669.31,0.0,0.0,0.0,0.0,10.3,18.7,3,11.1,1.82
1,2021-11-13,2021-11-13,Greece,Athens,37.9838,23.7275,0,16.4,6.4,14.7,3.3,2021-11-13T08:03,2021-11-13T18:15,36670.75,29131.59,0.0,0.0,0.0,0.0,12.2,23.8,30,11.07,1.75
1,2021-11-14,2021-11-14,Greece,Athens,37.9838,23.7275,3,17.6,10.6,17.1,8.5,2021-11-14T08:05,2021-11-14T18:14,36558.46,25930.42,0.0,0.0,0.0,0.0,10.0,19.4,49,9.29,1.58
1,2021-11-15,2021-11-15,Greece,Athens,37.9838,23.7275,2,18.5,11.1,17.7,9.4,2021-11-15T08:06,2021-11-15T18:13,36448.0,21523.35,0.0,0.0,0.0,0.0,11.5,22.3,27,8.09,1.54
1,2021-11-16,2021-11-16,Greece,Athens,37.9838,23.7275,1,17.2,11.5,14.1,10.3,2021-11-16T08:07,2021-11-16T18:12,36339.54,27704.6,0.0,0.0,0.0,0.0,19.9,37.1,13,8.52,1.68
1,2021-11-17,2021-11-17,Greece,Athens,37.9838,23.7275,3,16.1,8.9,13.9,6.9,2021-11-17T08:08,2021-11-17T18:12,36233.23,32027.28,0.0,0.0,0.0,0.0,10.9,21.2,5,9.45,1.6
1,2021-11-18,2021-11-18,Greece,Athens,37.9838,23.7275,0,16.1,7.4,15.7,5.1,2021-11-18T08:09,2021-11-18T18:11,36129.21,29413.35,0.0,0.0,0.0,0.0,12.8,25.2,45,9.81,1.5
1,2021-11-19,2021-11-19,Greece,Athens,37.9838,23.7275,3,14.4,10.3,13.6,8.2,2021-11-19T08:10,2021-11-19T18:10,36027.65,7445.61,1.8,1.8,0.0,9.0,11.5,20.2,33,4.37,0.87
1,2021-11-20,2021-11-20,Greece,Athens,37.9838,23.7275,1,16.4,9.2,12.7,6.9,2021-11-20T08:11,2021-11-20T18:10,35928.71,29694.15,0.0,0.0,0.0,0.0,17.7,32.8,349,9.24,1.77
1,2021-11-21,2021-11-21,Greece,Athens,37.9838,23.7275,0,19.1,8.5,17.8,6.4,2021-11-21T08:12,2021-11-21T18:09,35832.55,31726.65,0.0,0.0,0.0,0.0,9.5,16.2,356,10.79,1.73
1,2021-11-22,2021-11-22,Greece,Athens,37.9838,23.7275,0,18.1,12.2,17.5,10.8,2021-11-22T08:13,2021-11-22T18:09,35739.35,28128.91,0.8,0.8,0.0,5.0,17.3,31.0,162,8.83,1.51
1,2021-11-23,2021-11-23,Greece,Athens,37.9838,23.7275,51,18.2,14.4,19.1,13.9,2021-11-23T08:14,2021-11-23T18:08,35649.25,14400.0,11.3,11.3,0.0,20.0,15.2,27.7,157,6.03,1.03
1,2021-11-24,2021-11-24,Greece,Athens,37.9838,23.7275,61,15.2,11.0,14.4,9.4,2021-11-24T08:15,2021-11-24T18:08,35562.33,9751.6,10.2,10.2,0.0,12.0,16.5,33.1,18,4.68,0.91
1,2021-11-25,2021-11-25,Greece,Athens,37.9838,23.7275,2,14.8,8.0,12.4,5.4,2021-11-25T08:16,2021-11-25T18:07,35477.63,31217.92,0.0,0.0,0.0,0.0,9.5,17.6,5,9.99,1.51
1,2021-11-26,2021-11-26,Greece,Athens,37.9838,23.7275,3,19.3,7.2,17.7,4.3,2021-11-26T08:17,2021-11-26T18:07,35394.98,6765.57,6.0,6.0,0.0,10.0,26.8,53.6,118,3.28,0.86
1,2021-11-27,2021-11-27,Greece,Athens,37.9838,23.7275,3,19.3,12.2,18.2,11.4,2021-11-27T08:18,2021-11-27T18:07,35314.48,29456.2,5.0,5.0,0.0,9.0,19.9,49.7,195,8.69,1.78
1,2021-11-28,2021-11-28,Greece,Athens,37.9838,23.7275,63,18.8,12.3,16.9,10.6,2021-11-28T08:19,2021-11-28T18:06,35236.23,30244.6,2.7,2.7,0.0,1.0,29.1,54.7,197,8.38,1.95
1,2021-11-29,2021-11-29,Greece,Athens,37.9838,23.7275,1,21.2,12.4,19.4,10.2,2021-11-29T08:20,2021-11-29T18:06,35160.36,5736.91,3.0,3.0,0.0,5.0,26.1,52.6,214,4.21,2.13
1,2021-11-30,2021-11-30,Greece,Athens,37.9838,23.7275,2,15.3,7.8,11.0,5.1,2021-11-30T08:21,2021-11-30T18:06,35086.95,31019.3,0.2,0.2,0.0,1.0,29.6,58.7,257,10.16,2.16
1,2021-12-01,2021-12-01,Greece,Athens,37.9838,23.7275,0,14.9,5.0,11.6,1.9,2021-12-01T08:22,2021-12-01T18:06,35016.12,31048.9,0.0,0.0,0.0,0.0,12.4,22.7,308,10.5,1.63
1,2021-12-02,2021-12-02,Greece,Athens,37.9838,23.7275,0,16.0,7.8,15.3,5.2,2021-12-02T08:23,2021-12-02T18:05,34947.99,30990.27,0.0,0.0,0.0,0.0,13.9,27.7,244,9.24,1.51
1,2021-12-03,2021-12-03,Greece,Athens,37.9838,23.7275,1,18.0,11.4,15.5,10.0,2021-12-03T08:24,2021-12-03T18:05,34882.66,30643.88,3.8,3.8,0.0,5.0,27.8,54.4,187,7.61,1.65
1,2021-12-04,2021-12-04,Greece,Athens,37.9838,23.7275,3,15.7,11.0,14.4,9.9,2021-12-04T08:25,2021-12-04T18:05,34820.24,18508.91,39.7,39.7,0.0,14.0,22.0,45.7,172,5.52,1.01
1,2021-12-05,2021-12-05,Greece,Athens,37.9838,23.7275,2,15.7,9.0,15.1,7.4,2021-12-05T08:26,2021-12-05T18:05,34760.86,27872.39,0.0,0.0,0.0,0.0,8.6,17.6,332,9.11,1.23
1,2021-12-06,2021-12-06,Greece,Athens,37.9838,23.7275,0,17.9,11.5,14.5,10.1,2021-12-06T08:27,2021-12-06T18:05,34704.61,30957.81,8.4,8.4,0.0,8.0,29.2,54.7,183,8.96,1.84
1,2021-12-07,2021-12-07,Greece,Athens,37.9838,23.7275,63,14.0,9.0,11.9,6.8,2021-12-07T08:28,2021-12-07T18:05,34651.6,18238.34,23.0,23.0,0.0,12.0,33.1,63.0,204,7.59,1.24
1,2021-12-08,2021-12-08,Greece,Athens,37.9838,23.7275,3,13.8,6.6,10.7,4.1,2021-12-08T08:28,2021-12-08T18:05,34601.97,30954.33,0.0,0.0,0.0,0.0,16.6,29.9,297,9.92,1.54
1,2021-12-09,2021-12-09,Greece,Athens,37.9838,23.7275,0,17.7,7.9,16.5,5.4,2021-12-09T08:29,2021-12-09T18:05,34555.8,30955.76,0.0,0.0,0.0,0.0,28.9,52.9,194,9.48,1.79
1,2021-12-10,2021-12-10,Greece,Athens,37.9838,23.7275,1,16.5,10.8,12.4,7.4,2021-12-10T08:30,2021-12-10T18:05,34513.22,18063.58,4.6,4.6,0.0,6.0,33.3,61.6,207,5.38,1.85
1,2021-12-11,2021-12-11,Greece,Athens,37.9838,23.7275,3,16.0,10.5,11.4,7.9,2021-12-11T08:31,2021-12-11T18:05,34474.34,0.0,9.4,9.4,0.0,15.0,42.5,82.4,183,2.17,1.77
1,2021-12-12,2021-12-12,Greece,Athens,37.9838,23.7275,61,16.5,10.1,13.6,8.4,2021-12-12T08:31,2021-12-12T18:05,34439.25,30563.96,4.7,4.7,0.0,6.0,22.6,57.2,213,9.22,1.74
1,2021-12-13,2021-12-13,Greece,Athens,37.9838,23.7275,0,13.2,7.8,11.0,5.6,2021-12-13T08:32,2021-12-13T18:06,34408.07,26352.27,0.0,0.0,0.0,0.0,13.0,25.6,311,8.06,1.21
1,2021-12-14,2021-12-14,Greece,Athens,37.9838,23.7275,2,8.0,5.5,5.0,1.2,2021-12-14T08:33,2021-12-14T18:06,34380.87,15798.88,36.4,35.4,0.7,14.0,21.4,49.0,340,5.48,0.81
1,2021-12-15,2021-12-15,Greece,Athens,37.9838,23.7275,63,10.6,7.7,7.0,3.6,2021-12-15T08:34,2021-12-15T18:06,34357.31,13888.01,16.1,16.1,0.0,11.0,19.5,42.1,5,5.07,1.04
1,2021-12-16,2021-12-16,Greece,Athens,37.9838,23.7275,3,10.8,4.6,7.7,1.5,2021-12-16T08:34,2021-12-16T18:06,34337.29,23717.78,0.0,0.0,0.0,0.0,12.6,22.7,360,6.61,1.06
1,2021-12-17,2021-12-17,Greece,Athens,37.9838,23.7275,0,11.8,3.6,8.6,0.6,2021-12-17T08:35,2021-12-17T18:07,34320.82,30745.52,0.0,0.0,0.0,0.0,13.4,24.5,353,9.61,1.42
1,2021-12-18,2021-12-18,Greece,Athens,37.9838,23.7275,3,7.4,4.8,3.9,0.7,2021-12-18T08:35,2021-12-18T18:07,34307.88,4779.46,7.1,6.6,0.35,15.0,20.2,38.9,353,4.03,0.9
1,2021-12-19,2021-12-19,Greece,Athens,37.9838,23.7275,2,8.3,1.9,3.4,-1.5,2021-12-19T08:36,2021-12-19T18:08,34298.47,30721.59,0.0,0.0,0.0,0.0,23.1,42.1,345,8.34,1.32
1,2021-12-20,2021-12-20,Greece,Athens,37.9838,23.7275,0,13.6,0.7,10.7,-3.2,2021-12-20T08:36,2021-12-20T18:08,34292.61,30715.48,0.0,0.0,0.0,0.0,13.1,20.5,5,9.84,1.43
1,2021-12-21,2021-12-21,Greece,Athens,37.9838,23.7275,3,9.5,5.1,6.0,1.6,2021-12-21T08:37,2021-12-21T18:08,34290.26,13247.16,0.5,0.5,0.0,3.0,13.7,24.1,23,4.18,1.09
1,2021-12-22,2021-12-22,Greece,Athens,37.9838,23.7275,3,10.7,5.1,8.3,1.7,2021-12-22T08:37,2021-12-22T18:09,34291.43,25996.95,0.0,0.0,0.0,0.0,11.3,18.7,22,6.94,1.21
1,2021-12-23,2021-12-23,Greece,Athens,37.9838,23.7275,3,10.6,2.7,7.5,-0.8,2021-12-23T08:38,2021-12-23T18:10,34296.11,30720.54,0.0,0.0,0.0,0.0,14.4,27.0,25,9.06,1.4
1,2021-12-24,2021-12-24,Greece,Athens,37.9838,23.7275,0,12.4,2.6,9.4,-1.1,2021-12-24T08:38,2021-12-24T18:10,34304.3,30729.97,0.0,0.0,0.0,0.0,15.7,28.4,306,9.74,1.35
1,2021-12-25,2021-12-25,Greece,Athens,37.9838,23.7275,0,14.6,7.3,12.8,5.1,2021-12-25T08:39,2021-12-25T18:11,34315.97,30743.26,0.0,0.0,0.0,0.0,8.7,20.2,286,9.3,1.28
1,2021-12-26,2021-12-26,Greece,Athens,37.9838,23.7275,3,16.5,9.3,15.1,7.5,2021-12-26T08:39,2021-12-26T18:11,34331.11,30355.77,0.0,0.0,0.0,0.0,13.1,23.8,146,8.93,1.3
1,2021-12-27,2021-12-27,Greece,Athens,37.9838,23.7275,3,16.2,10.1,15.4,8.9,2021-12-27T08:40,2021-12-27T18:12,34349.7,21342.85,0.0,0.0,0.0,0.0,20.2,39.2,166,6.78,1.11
1,2021-12-28,2021-12-28,Greece,Athens,37.9838,23.7275,3,14.6,12.5,12.6,10.7,2021-12-28T08:40,2021-12-28T18:13,34371.73,7557.25,20.5,20.5,0.0,17.0,21.0,37.4,166,3.32,0.65
1,2021-12-29,2021-12-29,Greece,Athens,37.9838,23.7275,2,14.7,9.1,14.6,7.2,2021-12-29T08:40,2021-12-29T18:13,34397.19,20921.96,0.4,0.4,0.0,3.0,9.1,17.6,25,5.88,0.88
1,2021-12-30,2021-12-30,Greece,Athens,37.9838,23.7275,1,11.8,7.8,9.4,5.7,2021-12-30T08:40,2021-12-30T18:14,34426.04,5906.63,2.5,2.5,0.0,11.0,16.8,32.8,354,5.03,0.95
1,2021-12-31,2021-12-31,Greece,Athens,37.9838,23.7275,51,14.6,8.9,11.7,6.9,2021-12-31T08:41,2021-12-31T18:15,34458.27,16184.51,1.1,1.1,0.0,4.0,20.6,41.4,8,5.74,1.27
